,6.9,9.8,11.8,12.0,13.9,14.8,15.6,16.7,18.1,18.4,18.7,19.7,20.5,20.9,22.1,22.2,23.2,23.4,24.2,25.2,25.7,27.1,29.8,30.4,31.6,33.8,35.3,40.7,43.2,46.2,47.4,52.5,61.9,67.9,78.4,83.6,86.6,87.8
0,-0.211287856,-0.211288796,-0.174738191,-0.211287548,-0.42971986,-0.14195372,-0.211289631,-0.17473793,-0.14195499,-0.211288452,-0.171243951,-0.36548181,-0.159115447,4.549718907,-0.211287062,-0.174738398,-0.211289305,-0.141954143,-0.365494738,-0.338120605,-0.141954461,-0.211289232,-0.401400407,-0.22983585,-0.192008554,-0.244913465,-0.300193551,-0.213444633,-0.213437106,-0.149234803,-0.194028895,-0.174738931,-0.005062751,-0.194653639,-0.149239584,-0.121435482,-0.25809431,-0.225515082
1,-0.211287856,-0.211288796,-0.174738191,-0.211287548,-0.42971986,-0.14195372,-0.211289631,-0.17473793,-0.14195499,-0.211288452,-0.171243951,-0.36548181,-0.159115447,-0.611745834,-0.211287062,-0.174738398,-0.211289305,-0.141954143,-0.365494738,-0.338120605,-0.141954461,-0.211289232,6.233627725,-0.22983585,-0.192008554,-0.244913465,-0.300193551,-0.213444633,-0.213437106,-0.149234803,-0.194028895,-0.174738931,-0.005062751,-0.194653639,-0.149239584,-0.121435482,-0.25809431,-0.225515082
2,-0.211287856,-0.211288796,-0.174738191,-0.211287548,4.804791743,-0.14195372,-0.211289631,-0.17473793,-0.14195499,-0.211288452,-0.171243951,-0.36548181,-0.159115447,-0.611745834,-0.211287062,-0.174738398,-0.211289305,-0.141954143,-0.365494738,-0.338120605,-0.141954461,-0.211289232,-0.401400407,-0.22983585,-0.192008554,-0.244913465,-0.300193551,-0.213444633,-0.213437106,-0.149234803,-0.194028895,-0.174738931,-0.830771549,-0.194653639,-0.149239584,-0.121435482,-0.25809431,-0.225515082
3,-0.211287856,-0.211288796,-0.174738191,-0.211287548,-0.42971986,-0.14195372,-0.211289631,-0.17473793,-0.14195499,-0.211288452,-0.171243951,-0.36548181,-0.159115447,-0.611745834,-0.211287062,-0.174738398,-0.211289305,-0.141954143,5.231298852,-0.338120605,-0.141954461,-0.211289232,-0.401400407,-0.22983585,-0.192008554,-0.244913465,-0.300193551,-0.213444633,-0.213437106,-0.149234803,-0.194028895,-0.174738931,-0.824214792,-0.194653639,-0.149239584,-0.121435482,-0.25809431,-0.225515082
4,-0.211287856,-0.211288796,-0.174738191,-0.211287548,-0.42971986,-0.14195372,-0.211289631,-0.17473793,-0.14195499,-0.211288452,-0.171243951,5.231488073,-0.159115447,-0.611745834,-0.211287062,-0.174738398,-0.211289305,-0.141954143,-0.365494738,-0.338120605,-0.141954461,-0.211289232,-0.401400407,-0.22983585,-0.192008554,-0.244913465,-0.300193551,-0.213444633,-0.213437106,-0.149234803,5.92312775,-0.174738931,-0.830771549,-0.194653639,-0.149239584,-0.121435482,-0.25809431,-0.225515082
5,-0.211287856,-0.211288796,-0.174738191,-0.211287548,4.88331819,-0.14195372,-0.211289631,-0.17473793,-0.14195499,-0.211288452,-0.171243951,-0.36548181,-0.159115447,-0.611745834,-0.211287062,-0.174738398,-0.211289305,-0.141954143,-0.365494738,-0.338120605,-0.141954461,-0.211289232,-0.401400407,-0.22983585,-0.192008554,-0.244913465,-0.300193551,-0.213444633,-0.213437106,-0.149234803,-0.194028895,-0.174738931,0.827403929,-0.194653639,-0.149239584,-0.121435482,-0.25809431,-0.225515082
6,-0.211287856,-0.211288796,-0.174738191,-0.211287548,-0.42971986,-0.14195372,-0.211289631,-0.17473793,-0.14195499,-0.211288452,-0.171243951,-0.36548181,-0.159115447,-0.611745834,-0.211287062,-0.174738398,-0.211289305,-0.141954143,5.315679464,-0.338120605,-0.141954461,-0.211289232,-0.401400407,-0.22983585,-0.192008554,-0.244913465,-0.300193551,-0.213444633,-0.213437106,-0.149234803,-0.194028895,-0.174738931,0.834041137,-0.194653639,-0.149239584,-0.121435482,-0.25809431,-0.225515082
7,-0.211287856,-0.211288796,-0.174738191,-0.211287548,-0.42971986,-0.14195372,-0.211289631,-0.17473793,-0.14195499,-0.211288452,-0.171243951,5.315788856,-0.159115447,-0.611745834,-0.211287062,-0.174738398,-0.211289305,-0.141954143,-0.365494738,-0.338120605,-0.141954461,-0.211289232,-0.401400407,-0.22983585,-0.192008554,-0.244913465,-0.300193551,-0.213444633,-0.213437106,-0.149234803,6.016958456,-0.174738931,0.827403929,-0.194653639,-0.149239584,-0.121435482,-0.25809431,-0.225515082
8,-0.211287856,-0.211288796,-0.174738191,-0.211287548,-0.42971986,-0.14195372,-0.211289631,-0.17473793,-0.14195499,-0.211288452,-0.171243951,-0.36548181,-0.159115447,0.664096554,-0.211287062,-0.174738398,-0.211289305,-0.141954143,-0.365494738,-0.338120605,-0.141954461,-0.211289232,-0.401400407,-0.22983585,1.944218564,-0.244913465,-0.300193551,-0.213444633,-0.213437106,-0.149234803,-0.194028895,-0.174738931,-1.241152079,-0.194653639,-0.149239584,-0.121435482,2.883738823,-0.225515082
9,-0.211287856,-0.211288796,-0.174738191,-0.211287548,-0.42971986,-0.14195372,-0.211289631,-0.17473793,4.596342261,-0.211288452,-0.171243951,-0.36548181,-0.159115447,0.664096554,-0.211287062,-0.174738398,-0.211289305,-0.141954143,-0.365494738,-0.338120605,-0.141954461,-0.211289232,-0.401400407,-0.22983585,-0.192008554,-0.244913465,-0.300193551,-0.213444633,-0.213437106,-0.149234803,-0.194028895,-0.174738931,-1.241152079,-0.194653639,-0.149239584,-0.121435482,-0.25809431,-0.225515082
10,-0.211287856,-0.211288796,-0.174738191,-0.211287548,-0.42971986,4.595476054,-0.211289631,-0.17473793,-0.14195499,-0.211288452,-0.171243951,-0.36548181,-0.159115447,-0.611745834,-0.211287062,-0.174738398,-0.211289305,-0.141954143,-0.365494738,-0.338120605,-0.141954461,-0.211289232,1.238924211,-0.22983585,-0.192008554,-0.244913465,-0.300193551,-0.213444633,-0.213437106,-0.149234803,-0.194028895,-0.174738931,-1.241152079,-0.194653639,-0.149239584,-0.121435482,-0.25809431,-0.225515082
11,-0.211287856,-0.211288796,-0.174738191,-0.211287548,-0.42971986,-0.14195372,-0.211289631,-0.17473793,-0.14195499,-0.211288452,-0.171243951,-0.36548181,-0.159115447,0.664096554,-0.211287062,-0.174738398,-0.211289305,4.595620517,-0.365494738,-0.338120605,-0.141954461,-0.211289232,-0.401400407,-0.22983585,4.080445683,-0.244913465,-0.300193551,-0.213444633,-0.213437106,-0.149234803,-0.194028895,-0.174738931,-1.241152079,-0.194653639,-0.149239584,-0.121435482,-0.25809431,-0.225515082
12,-0.211287856,-0.211288796,-0.174738191,-0.211287548,-0.42971986,-0.14195372,-0.211289631,-0.17473793,-0.14195499,-0.211288452,-0.171243951,-0.36548181,-0.159115447,-0.611745834,-0.211287062,-0.174738398,-0.211289305,-0.141954143,-0.365494738,-0.338120605,4.595614994,-0.211289232,1.238924211,-0.22983585,-0.192008554,-0.244913465,-0.300193551,-0.213444633,-0.213437106,-0.149234803,-0.194028895,-0.174738931,-1.241152079,-0.194653639,-0.149239584,-0.121435482,-0.25809431,-0.225515082
13,-0.211287856,-0.211288796,-0.174738191,-0.211287548,-0.42971986,-0.14195372,-0.211289631,-0.17473793,-0.14195499,-0.211288452,-0.171243951,-0.36548181,-0.159115447,-0.611745834,-0.211287062,-0.174738398,-0.211289305,-0.141954143,-0.365494738,-0.338120605,-0.141954461,-0.211289232,-0.401400407,-0.22983585,4.12841908,-0.244913465,-0.300193551,-0.213444633,-0.213437106,-0.149234803,-0.194028895,-0.174738931,-0.005062751,-0.194653639,-0.149239584,-0.121435482,6.094731805,-0.225515082
14,-0.211287856,-0.211288796,-0.174738191,-0.211287548,-0.42971986,-0.14195372,-0.211289631,-0.17473793,9.439360406,-0.211288452,-0.171243951,-0.36548181,-0.159115447,-0.611745834,-0.211287062,-0.174738398,-0.211289305,-0.141954143,-0.365494738,-0.338120605,-0.141954461,-0.211289232,-0.401400407,-0.22983585,-0.192008554,-0.244913465,-0.300193551,-0.213444633,-0.213437106,-0.149234803,-0.194028895,-0.174738931,-0.005062751,-0.194653639,-0.149239584,-0.121435482,-0.25809431,-0.225515082
15,-0.211287856,-0.211288796,-0.174738191,-0.211287548,-0.42971986,9.439512349,-0.211289631,-0.17473793,-0.14195499,-0.211288452,-0.171243951,-0.36548181,-0.159115447,-0.611745834,-0.211287062,-0.174738398,-0.211289305,-0.141954143,-0.365494738,-0.338120605,-0.141954461,-0.211289232,-0.401400407,-0.22983585,-0.192008554,-0.244913465,-0.300193551,-0.213444633,-0.213437106,-0.149234803,-0.194028895,-0.174738931,-0.005062751,-0.194653639,-0.149239584,-0.121435482,-0.25809431,-0.225515082
16,-0.211287856,-0.211288796,-0.174738191,-0.211287548,-0.42971986,-0.14195372,-0.211289631,-0.17473793,-0.14195499,-0.211288452,-0.171243951,-0.36548181,-0.159115447,-0.611745834,-0.211287062,-0.174738398,-0.211289305,9.439458533,-0.365494738,-0.338120605,-0.141954461,-0.211289232,-0.401400407,-0.22983585,8.447435731,-0.244913465,-0.300193551,-0.213444633,-0.213437106,-0.149234803,-0.194028895,-0.174738931,-0.005062751,-0.194653639,-0.149239584,-0.121435482,1.86017306,-0.225515082
17,-0.211287856,-0.211288796,-0.174738191,-0.211287548,-0.42971986,-0.14195372,-0.211289631,-0.17473793,-0.14195499,-0.211288452,-0.171243951,-0.36548181,-0.159115447,-0.611745834,-0.211287062,-0.174738398,-0.211289305,-0.141954143,-0.365494738,-0.338120605,9.439415462,-0.211289232,-0.401400407,-0.22983585,-0.192008554,-0.244913465,-0.300193551,-0.213444633,-0.213437106,-0.149234803,-0.194028895,-0.174738931,-0.005062751,-0.194653639,-0.149239584,-0.121435482,-0.25809431,-0.225515082
18,-0.211287856,-0.211288796,-0.174738191,-0.211287548,-0.42971986,-0.14195372,-0.211289631,-0.17473793,-0.14195499,-0.211288452,-0.171243951,-0.36548181,-0.159115447,0.692918973,-0.211287062,-0.174738398,-0.211289305,-0.141954143,-0.365494738,-0.338120605,-0.141954461,-0.211289232,-0.401400407,-0.22983585,1.992191961,-0.244913465,-0.300193551,-0.213444633,-0.213437106,-0.149234803,-0.194028895,-0.174738931,1.246151363,-0.194653639,-0.149239584,-0.121435482,2.954874667,-0.225515082
19,-0.211287856,-0.211288796,-0.174738191,-0.211287548,-0.42971986,-0.14195372,-0.211289631,-0.17473793,4.702356006,-0.211288452,-0.171243951,-0.36548181,-0.159115447,0.692918973,-0.211287062,-0.174738398,-0.211289305,-0.141954143,-0.365494738,-0.338120605,-0.141954461,-0.211289232,-0.401400407,-0.22983585,-0.192008554,-0.244913465,-0.300193551,-0.213444633,-0.213437106,-0.149234803,-0.194028895,-0.174738931,1.246151363,-0.194653639,-0.149239584,-0.121435482,-0.25809431,-0.225515082
20,-0.211287856,-0.211288796,-0.174738191,-0.211287548,-0.42971986,4.702902625,-0.211289631,-0.17473793,-0.14195499,-0.211288452,-0.171243951,-0.36548181,-0.159115447,-0.611745834,-0.211287062,-0.174738398,-0.211289305,-0.141954143,-0.365494738,-0.338120605,-0.141954461,-0.211289232,1.276109604,-0.22983585,-0.192008554,-0.244913465,-0.300193551,-0.213444633,-0.213437106,-0.149234803,-0.194028895,-0.174738931,1.246151363,-0.194653639,-0.149239584,-0.121435482,-0.25809431,-0.225515082
21,-0.211287856,-0.211288796,-0.174738191,-0.211287548,-0.42971986,-0.14195372,-0.211289631,-0.17473793,-0.14195499,-0.211288452,-0.171243951,-0.36548181,-0.159115447,0.692918973,-0.211287062,-0.174738398,-0.211289305,4.702867794,-0.365494738,-0.338120605,-0.141954461,-0.211289232,-0.401400407,-0.22983585,4.176392476,-0.244913465,-0.300193551,-0.213444633,-0.213437106,-0.149234803,-0.194028895,-0.174738931,1.246151363,-0.194653639,-0.149239584,-0.121435482,-0.25809431,-0.225515082
22,-0.211287856,-0.211288796,-0.174738191,-0.211287548,-0.42971986,-0.14195372,-0.211289631,-0.17473793,-0.14195499,-0.211288452,-0.171243951,-0.36548181,-0.159115447,-0.611745834,-0.211287062,-0.174738398,-0.211289305,-0.141954143,-0.365494738,-0.338120605,4.702958373,-0.211289232,1.276109604,-0.22983585,-0.192008554,-0.244913465,-0.300193551,-0.213444633,-0.213437106,-0.149234803,-0.194028895,-0.174738931,1.246151363,-0.194653639,-0.149239584,-0.121435482,-0.25809431,-0.225515082
23,-0.211287856,-0.211288796,-0.174738191,-0.211287548,-0.42971986,-0.14195372,-0.211289631,-0.17473793,-0.14195499,-0.211288452,-0.171243951,-0.36548181,-0.159115447,3.216231681,-0.211287062,-0.174738398,-0.211289305,-0.141954143,-0.365494738,-0.338120605,-0.141954461,-0.211289232,-0.401400407,-0.22983585,-0.192008554,-0.244913465,-0.300193551,-0.213444633,-0.213437106,-0.149234803,-0.194028895,-0.174738931,-1.241152079,-0.194653639,-0.149239584,-0.121435482,-0.25809431,-0.225515082
24,-0.211287856,-0.211288796,-0.174738191,-0.211287548,-0.42971986,-0.14195372,-0.211289631,-0.17473793,-0.14195499,-0.211288452,-0.171243951,-0.36548181,-0.159115447,3.302698937,-0.211287062,-0.174738398,-0.211289305,-0.141954143,-0.365494738,-0.338120605,-0.141954461,-0.211289232,-0.401400407,-0.22983585,-0.192008554,-0.244913465,-0.300193551,-0.213444633,-0.213437106,-0.149234803,-0.194028895,-0.174738931,1.246151363,-0.194653639,-0.149239584,-0.121435482,-0.25809431,-0.225515082
25,-0.211287856,-0.211288796,-0.174738191,-0.211287548,-0.42971986,-0.14195372,-0.211289631,-0.17473793,-0.14195499,-0.211288452,-0.171243951,-0.36548181,-0.159115447,1.940389292,-0.211287062,-0.174738398,-0.211289305,-0.141954143,-0.365494738,-0.338120605,-0.141954461,-0.211289232,1.238924211,-0.22983585,-0.192008554,-0.244913465,-0.300193551,-0.213444633,-0.213437106,-0.149234803,-0.194028895,-0.174738931,-1.241152079,-0.194653639,-0.149239584,-0.121435482,-0.25809431,-0.225515082
26,-0.211287856,-0.211288796,-0.174738191,-0.211287548,-0.42971986,-0.14195372,-0.211289631,-0.17473793,-0.14195499,-0.211288452,-0.171243951,-0.36548181,-0.159115447,1.99803413,-0.211287062,-0.174738398,-0.211289305,-0.141954143,-0.365494738,-0.338120605,-0.141954461,-0.211289232,1.276109604,-0.22983585,-0.192008554,-0.244913465,-0.300193551,-0.213444633,-0.213437106,-0.149234803,-0.194028895,-0.174738931,1.246151363,-0.194653639,-0.149239584,-0.121435482,-0.25809431,-0.225515082
27,-0.211287856,-0.211288796,-0.174738191,-0.211287548,-0.42971986,-0.14195372,-0.211289631,2.73450831,-0.14195499,-0.211288452,-0.171243951,-0.36548181,-0.159115447,-0.611745834,-0.211287062,-0.174738398,-0.211289305,-0.141954143,-0.365494738,0.425856765,-0.141954461,-0.211289232,-0.401400407,-0.22983585,-0.192008554,-0.244913465,-0.300193551,-0.213444633,-0.213437106,-0.149234803,-0.194028895,-0.174738931,-1.486608068,-0.194653639,-0.149239584,-0.121435482,1.745565311,2.147342686
28,-0.211287856,-0.211288796,-0.174738191,-0.211287548,-0.42971986,-0.14195372,-0.211289631,-0.17473793,-0.14195499,-0.211288452,-0.171243951,-0.36548181,-0.159115447,-0.611745834,-0.211287062,2.734766895,-0.211289305,-0.141954143,-0.365494738,-0.338120605,-0.141954461,-0.211289232,-0.401400407,1.087733151,-0.192008554,-0.244913465,-0.300193551,-0.213444633,-0.213437106,-0.149234803,-0.194028895,-0.174738931,-1.486608068,-0.194653639,-0.149239584,-0.121435482,-0.25809431,-0.225515082
29,-0.211287856,-0.211288796,2.734591629,-0.211287548,-0.42971986,-0.14195372,-0.211289631,-0.17473793,-0.14195499,-0.211288452,-0.171243951,-0.36548181,-0.159115447,-0.611745834,-0.211287062,-0.174738398,-0.211289305,-0.141954143,-0.365494738,-0.338120605,-0.141954461,-0.211289232,-0.401400407,2.405302153,-0.192008554,-0.244913465,-0.300193551,-0.213444633,-0.213437106,-0.149234803,-0.194028895,-0.174738931,-1.486608068,-0.194653639,-0.149239584,-0.121435482,-0.25809431,-0.225515082
30,-0.211287856,-0.211288796,-0.174738191,-0.211287548,-0.42971986,-0.14195372,-0.211289631,-0.17473793,-0.14195499,-0.211288452,-0.171243951,-0.36548181,2.770126489,-0.611745834,-0.211287062,-0.174738398,-0.211289305,-0.141954143,-0.365494738,1.953811506,-0.141954461,-0.211289232,-0.401400407,-0.22983585,-0.192008554,-0.244913465,-0.300193551,-0.213444633,-0.213437106,-0.149234803,-0.194028895,-0.174738931,-1.486608068,-0.194653639,-0.149239584,-0.121435482,-0.25809431,1.552843303
31,-0.211287856,-0.211288796,-0.174738191,-0.211287548,-0.42971986,-0.14195372,-0.211289631,0.946873821,-0.14195499,-0.211288452,-0.171243951,-0.36548181,-0.159115447,-0.611745834,-0.211287062,-0.174738398,-0.211289305,-0.141954143,-0.365494738,-0.338120605,-0.141954461,-0.211289232,-0.401400407,-0.22983585,-0.192008554,3.054127616,-0.300193551,-0.213444633,-0.213437106,-0.149234803,-0.194028895,-0.174738931,-0.501284495,-0.194653639,-0.149239584,-0.121435482,-0.25809431,6.039857378
32,-0.211287856,-0.211288796,-0.174738191,-0.211287548,-0.42971986,-0.14195372,-0.211289631,-0.17473793,-0.14195499,-0.211288452,-0.171243951,-0.36548181,-0.159115447,-0.611745834,-0.211287062,0.946660812,-0.211289305,-0.141954143,-0.365494738,-0.338120605,-0.141954461,-0.211289232,-0.401400407,3.250203475,-0.192008554,-0.244913465,-0.300193551,-0.213444633,-0.213437106,-0.149234803,-0.194028895,-0.174738931,-0.501284495,-0.194653639,-0.149239584,-0.121435482,-0.25809431,-0.225515082
33,-0.211287856,-0.211288796,7.510342992,-0.211287548,-0.42971986,-0.14195372,-0.211289631,-0.17473793,-0.14195499,-0.211288452,-0.171243951,-0.36548181,-0.159115447,-0.611745834,-0.211287062,-0.174738398,-0.211289305,-0.141954143,-0.365494738,-0.338120605,-0.141954461,-0.211289232,-0.401400407,0.785803332,-0.192008554,-0.244913465,-0.300193551,-0.213444633,-0.213437106,-0.149234803,-0.194028895,5.695746417,-0.501284495,-0.194653639,-0.149239584,-0.121435482,-0.25809431,-0.225515082
34,-0.211287856,-0.211288796,-0.174738191,-0.211287548,-0.42971986,-0.14195372,-0.211289631,-0.17473793,-0.14195499,-0.211288452,-0.171243951,-0.36548181,-0.159115447,-0.611745834,-0.211287062,-0.174738398,-0.211289305,-0.141954143,-0.365494738,5.715225127,-0.141954461,-0.211289232,-0.401400407,-0.22983585,-0.192008554,-0.244913465,-0.300193551,-0.213444633,-0.213437106,-0.149234803,-0.194028895,-0.174738931,-0.501284495,5.426754339,-0.149239584,-0.121435482,2.389739903,-0.225515082
35,-0.211287856,-0.211288796,-0.174738191,-0.211287548,-0.42971986,-0.14195372,-0.211289631,7.510301684,-0.14195499,-0.211288452,-0.171243951,-0.36548181,-0.159115447,-0.611745834,-0.211287062,-0.174738398,-0.211289305,-0.141954143,-0.365494738,1.679479146,-0.141954461,-0.211289232,-0.401400407,-0.22983585,-0.192008554,-0.244913465,-0.300193551,-0.213444633,-0.213437106,-0.149234803,-0.194028895,-0.174738931,-0.501284495,-0.194653639,-0.149239584,-0.121435482,5.03559812,-0.225515082
36,-0.211287856,-0.211288796,-0.174738191,-0.211287548,-0.42971986,-0.14195372,-0.211289631,-0.17473793,-0.14195499,-0.211288452,-0.171243951,-0.36548181,-0.159115447,-0.611745834,-0.211287062,7.510350559,-0.211289305,-0.141954143,-0.365494738,-0.338120605,-0.141954461,-0.211289232,-0.401400407,-0.22983585,-0.192008554,-0.244913465,-0.300193551,-0.213444633,-0.213437106,-0.149234803,-0.194028895,5.695746417,-0.501284495,-0.194653639,-0.149239584,-0.121435482,-0.25809431,-0.225515082
37,-0.211287856,-0.211288796,0.946365866,-0.211287548,-0.42971986,-0.14195372,-0.211289631,-0.17473793,-0.14195499,-0.211288452,-0.171243951,-0.36548181,-0.159115447,-0.611745834,-0.211287062,-0.174738398,-0.211289305,-0.141954143,-0.365494738,-0.338120605,-0.141954461,-0.211289232,-0.401400407,6.730870513,-0.192008554,-0.244913465,-0.300193551,-0.213444633,-0.213437106,-0.149234803,-0.194028895,-0.174738931,-0.501284495,-0.194653639,-0.149239584,-0.121435482,-0.25809431,-0.225515082
38,-0.211287856,-0.211288796,-0.174738191,-0.211287548,-0.42971986,-0.14195372,-0.211289631,-0.17473793,-0.14195499,-0.211288452,-0.171243951,-0.36548181,7.57752943,-0.611745834,-0.211287062,-0.174738398,-0.211289305,-0.141954143,-0.365494738,0.544989145,-0.141954461,-0.211289232,-0.401400407,-0.22983585,-0.192008554,-0.244913465,-0.300193551,-0.213444633,-0.213437106,-0.149234803,-0.194028895,-0.174738931,-0.501284495,-0.194653639,-0.149239584,-0.121435482,-0.25809431,4.473942576
39,-0.211287856,-0.211288796,-0.174738191,-0.211287548,-0.42971986,-0.14195372,-0.211289631,0.956343339,-0.14195499,-0.211288452,-0.171243951,-0.36548181,-0.159115447,-0.611745834,-0.211287062,-0.174738398,-0.211289305,-0.141954143,-0.365494738,-0.338120605,-0.141954461,-0.211289232,-0.401400407,-0.22983585,-0.192008554,3.082986631,-0.300193551,-0.213444633,-0.213437106,-0.149234803,-0.194028895,-0.174738931,0.493612747,-0.194653639,-0.149239584,-0.121435482,-0.25809431,6.096394783
40,-0.211287856,-0.211288796,-0.174738191,-0.211287548,-0.42971986,-0.14195372,-0.211289631,-0.17473793,-0.14195499,-0.211288452,-0.171243951,-0.36548181,-0.159115447,-0.611745834,-0.211287062,0.956297836,-0.211289305,-0.141954143,-0.365494738,-0.338120605,-0.141954461,-0.211289232,-0.401400407,3.281589111,-0.192008554,-0.244913465,-0.300193551,-0.213444633,-0.213437106,-0.149234803,-0.194028895,-0.174738931,0.493612747,-0.194653639,-0.149239584,-0.121435482,-0.25809431,-0.225515082
41,-0.211287856,-0.211288796,7.579602111,-0.211287548,-0.42971986,-0.14195372,-0.211289631,-0.17473793,-0.14195499,-0.211288452,-0.171243951,-0.36548181,-0.159115447,-0.611745834,-0.211287062,-0.174738398,-0.211289305,-0.141954143,-0.365494738,-0.338120605,-0.141954461,-0.211289232,-0.401400407,0.79459131,-0.192008554,-0.244913465,-0.300193551,-0.213444633,-0.213437106,-0.149234803,-0.194028895,5.749653537,0.493612747,-0.194653639,-0.149239584,-0.121435482,-0.25809431,-0.225515082
42,-0.211287856,-0.211288796,-0.174738191,-0.211287548,-0.42971986,-0.14195372,-0.211289631,-0.17473793,-0.14195499,-0.211288452,-0.171243951,-0.36548181,-0.159115447,-0.611745834,-0.211287062,-0.174738398,-0.211289305,-0.141954143,-0.365494738,5.769873007,-0.141954461,-0.211289232,-0.401400407,-0.22983585,-0.192008554,-0.244913465,-0.300193551,-0.213444633,-0.213437106,-0.149234803,-0.194028895,-0.174738931,0.493612747,5.475849606,-0.149239584,-0.121435482,2.413451851,-0.225515082
43,-0.211287856,-0.211288796,-0.174738191,-0.211287548,-0.42971986,-0.14195372,-0.211289631,7.579744813,-0.14195499,-0.211288452,-0.171243951,-0.36548181,-0.159115447,-0.611745834,-0.211287062,-0.174738398,-0.211289305,-0.141954143,-0.365494738,1.698059425,-0.141954461,-0.211289232,-0.401400407,-0.22983585,-0.192008554,-0.244913465,-0.300193551,-0.213444633,-0.213437106,-0.149234803,-0.194028895,-0.174738931,0.493612747,-0.194653639,-0.149239584,-0.121435482,5.083022016,-0.225515082
44,-0.211287856,-0.211288796,-0.174738191,-0.211287548,-0.42971986,-0.14195372,-0.211289631,-0.17473793,-0.14195499,-0.211288452,-0.171243951,-0.36548181,-0.159115447,-0.611745834,-0.211287062,7.579561917,-0.211289305,-0.141954143,-0.365494738,-0.338120605,-0.141954461,-0.211289232,-0.401400407,-0.22983585,-0.192008554,-0.244913465,-0.300193551,-0.213444633,-0.213437106,-0.149234803,-0.194028895,5.749653537,0.493612747,-0.194653639,-0.149239584,-0.121435482,-0.25809431,-0.225515082
45,-0.211287856,-0.211288796,0.956643026,-0.211287548,-0.42971986,-0.14195372,-0.211289631,-0.17473793,-0.14195499,-0.211288452,-0.171243951,-0.36548181,-0.159115447,-0.611745834,-0.211287062,-0.174738398,-0.211289305,-0.141954143,-0.365494738,-0.338120605,-0.141954461,-0.211289232,-0.401400407,6.793014073,-0.192008554,-0.244913465,-0.300193551,-0.213444633,-0.213437106,-0.149234803,-0.194028895,-0.174738931,0.493612747,-0.194653639,-0.149239584,-0.121435482,-0.25809431,-0.225515082
46,-0.211287856,-0.211288796,-0.174738191,-0.211287548,-0.42971986,-0.14195372,-0.211289631,-0.17473793,-0.14195499,-0.211288452,-0.171243951,-0.36548181,7.64645277,-0.611745834,-0.211287062,-0.174738398,-0.211289305,-0.141954143,-0.365494738,0.553186327,-0.141954461,-0.211289232,-0.401400407,-0.22983585,-0.192008554,-0.244913465,-0.300193551,-0.213444633,-0.213437106,-0.149234803,-0.194028895,-0.174738931,0.493612747,-0.194653639,-0.149239584,-0.121435482,-0.25809431,4.516773944
47,-0.211287856,-0.211288796,-0.174738191,-0.211287548,-0.42971986,-0.14195372,-0.211289631,2.813420956,-0.14195499,-0.211288452,-0.171243951,-0.36548181,-0.159115447,-0.611745834,-0.211287062,-0.174738398,-0.211289305,-0.141954143,-0.365494738,0.44662296,-0.141954461,-0.211289232,-0.401400407,-0.22983585,-0.192008554,-0.244913465,-0.300193551,-0.213444633,-0.213437106,-0.149234803,-0.194028895,-0.174738931,1.498244559,-0.194653639,-0.149239584,-0.121435482,1.80089319,2.21073311
48,-0.211287856,-0.211288796,-0.174738191,-0.211287548,-0.42971986,-0.14195372,-0.211289631,-0.17473793,-0.14195499,-0.211288452,-0.171243951,-0.36548181,-0.159115447,-0.611745834,-0.211287062,2.813615277,-0.211289305,-0.141954143,-0.365494738,-0.338120605,-0.141954461,-0.211289232,-0.401400407,1.123512776,-0.192008554,-0.244913465,-0.300193551,-0.213444633,-0.213437106,-0.149234803,-0.194028895,-0.174738931,1.498244559,-0.194653639,-0.149239584,-0.121435482,-0.25809431,-0.225515082
49,-0.211287856,-0.211288796,2.813681074,-0.211287548,-0.42971986,-0.14195372,-0.211289631,-0.17473793,-0.14195499,-0.211288452,-0.171243951,-0.36548181,-0.159115447,-0.611745834,-0.211287062,-0.174738398,-0.211289305,-0.141954143,-0.365494738,-0.338120605,-0.141954461,-0.211289232,-0.401400407,2.476861403,-0.192008554,-0.244913465,-0.300193551,-0.213444633,-0.213437106,-0.149234803,-0.194028895,-0.174738931,1.498244559,-0.194653639,-0.149239584,-0.121435482,-0.25809431,-0.225515082
50,-0.211287856,-0.211288796,-0.174738191,-0.211287548,-0.42971986,-0.14195372,-0.211289631,-0.17473793,-0.14195499,-0.211288452,-0.171243951,-0.36548181,2.850014905,-0.611745834,-0.211287062,-0.174738398,-0.211289305,-0.141954143,-0.365494738,2.01611009,-0.141954461,-0.211289232,-0.401400407,-0.22983585,-0.192008554,-0.244913465,-0.300193551,-0.213444633,-0.213437106,-0.149234803,-0.194028895,-0.174738931,1.498244559,-0.194653639,-0.149239584,-0.121435482,-0.25809431,1.602527689
51,-0.211287856,-0.211288796,-0.174738191,-0.211287548,-0.42971986,-0.14195372,-0.211289631,-0.17473793,-0.14195499,-0.211288452,4.39109629,-0.36548181,-0.159115447,-0.611745834,-0.211287062,-0.174738398,-0.211289305,-0.141954143,-0.365494738,-0.338120605,-0.141954461,-0.211289232,-0.401400407,-0.22983585,-0.192008554,-0.244913465,-0.300193551,-0.213444633,-0.213437106,-0.149234803,-0.194028895,-0.174738931,-1.493486628,-0.194653639,-0.149239584,-0.121435482,-0.25809431,-0.225515082
52,-0.211287856,-0.211288796,-0.174738191,-0.211287548,-0.42971986,-0.14195372,-0.211289631,-0.17473793,-0.14195499,-0.211288452,6.732993807,-0.36548181,-0.159115447,-0.611745834,-0.211287062,-0.174738398,-0.211289305,-0.141954143,-0.365494738,-0.338120605,-0.141954461,-0.211289232,-0.401400407,-0.22983585,-0.192008554,-0.244913465,-0.300193551,-0.213444633,-0.213437106,-0.149234803,-0.194028895,-0.174738931,-0.511743124,-0.194653639,-0.149239584,-0.121435482,-0.25809431,-0.225515082
53,-0.211287856,-0.211288796,-0.174738191,-0.211287548,-0.42971986,-0.14195372,-0.211289631,-0.17473793,-0.14195499,-0.211288452,6.79424024,-0.36548181,-0.159115447,-0.611745834,-0.211287062,-0.174738398,-0.211289305,-0.141954143,-0.365494738,-0.338120605,-0.141954461,-0.211289232,-0.401400407,-0.22983585,-0.192008554,-0.244913465,-0.300193551,-0.213444633,-0.213437106,-0.149234803,-0.194028895,-0.174738931,0.483033441,-0.194653639,-0.149239584,-0.121435482,-0.25809431,-0.225515082
54,-0.211287856,-0.211288796,-0.174738191,-0.211287548,-0.42971986,-0.14195372,-0.211289631,-0.17473793,-0.14195499,-0.211288452,4.514627232,-0.36548181,-0.159115447,-0.611745834,-0.211287062,-0.174738398,-0.211289305,-0.141954143,-0.365494738,-0.338120605,-0.141954461,-0.211289232,-0.401400407,-0.22983585,-0.192008554,-0.244913465,-0.300193551,-0.213444633,-0.213437106,-0.149234803,-0.194028895,-0.174738931,1.491124646,-0.194653639,-0.149239584,-0.121435482,-0.25809431,-0.225515082
55,1.662216876,-0.211288796,-0.174738191,-0.211287548,0.869256745,-0.14195372,-0.211289631,-0.17473793,-0.14195499,-0.211288452,-0.171243951,-0.36548181,-0.159115447,-0.046556213,-0.211287062,-0.174738398,-0.211289305,-0.141954143,-0.365494738,-0.338120605,-0.141954461,-0.211289232,-0.401400407,-0.22983585,-0.192008554,-0.244913465,-0.300193551,-0.213444633,-0.213437106,-0.149234803,-0.194028895,-0.174738931,-1.649883364,-0.194653639,-0.149239584,-0.121435482,-0.25809431,-0.225515082
56,-0.211287856,-0.211288796,-0.174738191,1.662124822,-0.42971986,-0.14195372,-0.211289631,-0.17473793,-0.14195499,-0.211288452,-0.171243951,-0.36548181,-0.159115447,-0.046556213,-0.211287062,-0.174738398,-0.211289305,-0.141954143,1.023609743,-0.338120605,-0.141954461,-0.211289232,-0.401400407,-0.22983585,-0.192008554,-0.244913465,-0.300193551,-0.213444633,-0.213437106,-0.149234803,-0.194028895,-0.174738931,-1.648274344,-0.194653639,-0.149239584,-0.121435482,-0.25809431,-0.225515082
57,-0.211287856,-0.211288796,-0.174738191,-0.211287548,0.869256745,-0.14195372,-0.211289631,-0.17473793,-0.14195499,1.662625699,-0.171243951,-0.36548181,-0.159115447,-0.046556213,-0.211287062,-0.174738398,-0.211289305,-0.141954143,-0.365494738,-0.338120605,-0.141954461,-0.211289232,-0.401400407,-0.22983585,-0.192008554,-0.244913465,-0.300193551,-0.213444633,-0.213437106,-0.149234803,-0.194028895,-0.174738931,-1.649883364,-0.194653639,-0.149239584,-0.121435482,-0.25809431,-0.225515082
58,-0.211287856,1.66231518,-0.174738191,-0.211287548,-0.42971986,-0.14195372,-0.211289631,-0.17473793,-0.14195499,-0.211288452,-0.171243951,1.023473958,-0.159115447,-0.611745834,-0.211287062,-0.174738398,-0.211289305,-0.141954143,-0.365494738,-0.338120605,-0.141954461,-0.211289232,0.32499701,-0.22983585,-0.192008554,-0.244913465,-0.300193551,-0.213444633,-0.213437106,-0.149234803,-0.194028895,-0.174738931,-1.649883364,-0.194653639,-0.149239584,-0.121435482,-0.25809431,-0.225515082
59,-0.211287856,-0.211288796,-0.174738191,-0.211287548,-0.42971986,-0.14195372,1.662222674,-0.17473793,-0.14195499,-0.211288452,-0.171243951,1.023473958,-0.159115447,-0.046556213,-0.211287062,-0.174738398,-0.211289305,-0.141954143,-0.365494738,-0.338120605,-0.141954461,-0.211289232,-0.401400407,-0.22983585,-0.192008554,1.49118412,-0.300193551,-0.213444633,-0.213437106,-0.149234803,-0.194028895,-0.174738931,-1.649883364,-0.194653639,-0.149239584,-0.121435482,-0.25809431,-0.225515082
60,-0.211287856,-0.211288796,-0.174738191,-0.211287548,0.869256745,-0.14195372,-0.211289631,-0.17473793,-0.14195499,-0.211288452,-0.171243951,-0.36548181,-0.159115447,-0.611745834,1.661880854,-0.174738398,-0.211289305,-0.141954143,-0.365494738,-0.338120605,-0.141954461,-0.211289232,0.32499701,-0.22983585,-0.192008554,-0.244913465,-0.300193551,-0.213444633,-0.213437106,-0.149234803,-0.194028895,-0.174738931,-1.649883364,-0.194653639,-0.149239584,-0.121435482,-0.25809431,-0.225515082
61,-0.211287856,-0.211288796,-0.174738191,-0.211287548,-0.42971986,-0.14195372,-0.211289631,-0.17473793,-0.14195499,-0.211288452,-0.171243951,-0.36548181,-0.159115447,0.518183058,-0.211287062,-0.174738398,-0.211289305,-0.141954143,1.023609743,-0.338120605,-0.141954461,1.662436132,-0.401400407,-0.22983585,-0.192008554,-0.244913465,-0.300193551,-0.213444633,-0.213437106,-0.149234803,-0.194028895,-0.174738931,-1.648274344,-0.194653639,-0.149239584,-0.121435482,-0.25809431,-0.225515082
62,-0.211287856,-0.211288796,-0.174738191,-0.211287548,-0.42971986,-0.14195372,-0.211289631,-0.17473793,-0.14195499,-0.211288452,-0.171243951,-0.36548181,-0.159115447,-0.611745834,-0.211287062,-0.174738398,-0.211289305,-0.141954143,1.023609743,-0.338120605,-0.141954461,-0.211289232,1.051394428,-0.22983585,-0.192008554,-0.244913465,-0.300193551,-0.213444633,-0.213437106,-0.149234803,-0.194028895,-0.174738931,-1.648274344,-0.194653639,-0.149239584,-0.121435482,-0.25809431,-0.225515082
63,-0.211287856,-0.211288796,-0.174738191,-0.211287548,-0.42971986,-0.14195372,-0.211289631,-0.17473793,-0.14195499,-0.211288452,-0.171243951,1.023473958,-0.159115447,-0.046556213,-0.211287062,-0.174738398,1.662048527,-0.141954143,-0.365494738,-0.338120605,-0.141954461,-0.211289232,-0.401400407,-0.22983585,-0.192008554,-0.244913465,-0.300193551,-0.213444633,-0.213437106,-0.149234803,-0.194028895,-0.174738931,-1.649883364,-0.194653639,-0.149239584,-0.121435482,-0.25809431,-0.225515082
64,-0.211287856,-0.211288796,-0.174738191,-0.211287548,0.869256745,-0.14195372,-0.211289631,-0.17473793,-0.14195499,-0.211288452,-0.171243951,-0.36548181,-0.159115447,-0.046556213,-0.211287062,-0.174738398,-0.211289305,-0.141954143,-0.365494738,0.719315884,-0.141954461,-0.211289232,-0.401400407,-0.22983585,-0.192008554,-0.244913465,1.296770424,-0.213444633,-0.213437106,-0.149234803,-0.194028895,-0.174738931,-1.649883364,-0.194653639,-0.149239584,-0.121435482,-0.25809431,-0.225515082
65,5.450945847,-0.211288796,-0.174738191,-0.211287548,0.87890804,-0.14195372,-0.211289631,-0.17473793,-0.14195499,-0.211288452,-0.171243951,-0.36548181,-0.159115447,-0.611745834,-0.211287062,-0.174738398,-0.211289305,-0.141954143,-0.365494738,-0.338120605,-0.141954461,-0.211289232,-0.401400407,-0.22983585,-0.192008554,-0.244913465,2.112679597,-0.213444633,4.076364614,-0.149234803,-0.194028895,-0.174738931,-0.830771549,-0.194653639,5.850969111,-0.121435482,-0.25809431,-0.225515082
66,-0.211287856,-0.211288796,-0.174738191,5.4509504,-0.42971986,-0.14195372,-0.211289631,-0.17473793,-0.14195499,-0.211288452,-0.171243951,-0.36548181,-0.159115447,-0.611745834,-0.211287062,-0.174738398,-0.211289305,-0.141954143,1.033590245,-0.338120605,-0.141954461,-0.211289232,-0.401400407,-0.22983585,-0.192008554,-0.244913465,-0.300193551,4.077046148,-0.213437106,-0.149234803,-0.194028895,-0.174738931,-0.829122303,-0.194653639,-0.149239584,-0.121435482,-0.25809431,-0.225515082
67,-0.211287856,-0.211288796,-0.174738191,-0.211287548,0.87890804,-0.14195372,-0.211289631,-0.17473793,-0.14195499,5.451139239,-0.171243951,-0.36548181,-0.159115447,-0.611745834,-0.211287062,-0.174738398,-0.211289305,-0.141954143,-0.365494738,1.259783423,-0.141954461,-0.211289232,-0.401400407,-0.22983585,-0.192008554,-0.244913465,2.112679597,-0.213444633,4.076364614,-0.149234803,-0.194028895,-0.174738931,-0.830771549,-0.194653639,-0.149239584,-0.121435482,-0.25809431,-0.225515082
68,-0.211287856,5.450997487,-0.174738191,-0.211287548,-0.42971986,-0.14195372,-0.211289631,-0.17473793,-0.14195499,-0.211288452,-0.171243951,1.033509765,-0.159115447,-0.611745834,-0.211287062,-0.174738398,-0.211289305,-0.141954143,-0.365494738,-0.338120605,-0.141954461,-0.211289232,-0.401400407,-0.22983585,-0.192008554,-0.244913465,-0.300193551,-0.213444633,-0.213437106,-0.149234803,-0.194028895,-0.174738931,-0.830771549,-0.194653639,-0.149239584,-0.121435482,-0.25809431,-0.225515082
69,-0.211287856,-0.211288796,-0.174738191,-0.211287548,-0.42971986,-0.14195372,5.450807006,-0.17473793,-0.14195499,-0.211288452,-0.171243951,1.033509765,-0.159115447,-0.611745834,-0.211287062,-0.174738398,-0.211289305,-0.141954143,-0.365494738,-0.338120605,-0.141954461,-0.211289232,-0.401400407,-0.22983585,-0.192008554,5.002870575,-0.300193551,-0.213444633,-0.213437106,-0.149234803,-0.194028895,-0.174738931,-0.830771549,-0.194653639,-0.149239584,-0.121435482,-0.25809431,-0.225515082
70,-0.211287856,-0.211288796,-0.174738191,-0.211287548,0.87890804,-0.14195372,-0.211289631,-0.17473793,-0.14195499,-0.211288452,-0.171243951,-0.36548181,-0.159115447,-0.611745834,5.451082792,-0.174738398,-0.211289305,-0.141954143,-0.365494738,-0.338120605,-0.141954461,-0.211289232,-0.401400407,-0.22983585,-0.192008554,-0.244913465,-0.300193551,-0.213444633,-0.213437106,-0.149234803,-0.194028895,-0.174738931,-0.830771549,-0.194653639,-0.149239584,-0.121435482,-0.25809431,-0.225515082
71,-0.211287856,-0.211288796,-0.174738191,-0.211287548,-0.42971986,-0.14195372,-0.211289631,-0.17473793,-0.14195499,-0.211288452,-0.171243951,-0.36548181,-0.159115447,1.095982488,-0.211287062,-0.174738398,-0.211289305,-0.141954143,1.033590245,-0.338120605,-0.141954461,5.450527021,-0.401400407,-0.22983585,-0.192008554,-0.244913465,-0.300193551,4.077046148,-0.213437106,-0.149234803,-0.194028895,-0.174738931,-0.829122303,-0.194653639,-0.149239584,-0.121435482,-0.25809431,-0.225515082
72,-0.211287856,-0.211288796,-0.174738191,-0.211287548,-0.42971986,-0.14195372,-0.211289631,-0.17473793,-0.14195499,-0.211288452,-0.171243951,-0.36548181,-0.159115447,-0.611745834,-0.211287062,-0.174738398,-0.211289305,-0.141954143,1.033590245,-0.338120605,-0.141954461,-0.211289232,1.793820032,-0.22983585,-0.192008554,-0.244913465,-0.300193551,-0.213444633,-0.213437106,5.849090579,-0.194028895,-0.174738931,-0.829122303,-0.194653639,-0.149239584,-0.121435482,-0.25809431,-0.225515082
73,-0.211287856,-0.211288796,-0.174738191,-0.211287548,-0.42971986,-0.14195372,-0.211289631,-0.17473793,-0.14195499,-0.211288452,-0.171243951,1.033509765,-0.159115447,-0.611745834,-0.211287062,-0.174738398,5.451123061,-0.141954143,-0.365494738,-0.338120605,-0.141954461,-0.211289232,-0.401400407,-0.22983585,-0.192008554,-0.244913465,-0.300193551,-0.213444633,-0.213437106,-0.149234803,-0.194028895,-0.174738931,-0.830771549,-0.194653639,-0.149239584,-0.121435482,-0.25809431,-0.225515082
74,-0.211287856,-0.211288796,-0.174738191,-0.211287548,0.87890804,-0.14195372,-0.211289631,-0.17473793,-0.14195499,-0.211288452,-0.171243951,-0.36548181,-0.159115447,-0.611745834,-0.211287062,-0.174738398,-0.211289305,-0.141954143,-0.365494738,2.857140972,-0.141954461,-0.211289232,-0.401400407,-0.22983585,-0.192008554,-0.244913465,4.527137036,-0.213444633,-0.213437106,-0.149234803,-0.194028895,-0.174738931,-0.830771549,4.268924312,-0.149239584,-0.121435482,-0.25809431,-0.225515082
75,1.676160266,-0.211288796,-0.174738191,-0.211287548,0.87890804,-0.14195372,-0.211289631,-0.17473793,-0.14195499,-0.211288452,-0.171243951,-0.36548181,-0.159115447,1.665225262,-0.211287062,-0.174738398,-0.211289305,-0.141954143,-0.365494738,-0.338120605,-0.141954461,-0.211289232,-0.401400407,-0.22983585,-0.192008554,-0.244913465,-0.300193551,-0.213444633,-0.213437106,-0.149234803,-0.194028895,-0.174738931,-0.830771549,-0.194653639,-0.149239584,-0.121435482,-0.25809431,-0.225515082
76,-0.211287856,-0.211288796,-0.174738191,1.676125101,-0.42971986,-0.14195372,-0.211289631,-0.17473793,-0.14195499,-0.211288452,-0.171243951,-0.36548181,-0.159115447,1.665225262,-0.211287062,-0.174738398,-0.211289305,-0.141954143,1.033590245,-0.338120605,-0.141954461,-0.211289232,-0.401400407,-0.22983585,-0.192008554,-0.244913465,-0.300193551,-0.213444633,-0.213437106,-0.149234803,-0.194028895,-0.174738931,-0.829122303,-0.194653639,-0.149239584,-0.121435482,-0.25809431,-0.225515082
77,-0.211287856,-0.211288796,-0.174738191,-0.211287548,0.87890804,-0.14195372,-0.211289631,-0.17473793,-0.14195499,1.67578857,-0.171243951,-0.36548181,-0.159115447,1.665225262,-0.211287062,-0.174738398,-0.211289305,-0.141954143,-0.365494738,-0.338120605,-0.141954461,-0.211289232,-0.401400407,-0.22983585,-0.192008554,-0.244913465,-0.300193551,-0.213444633,-0.213437106,-0.149234803,-0.194028895,-0.174738931,-0.830771549,-0.194653639,-0.149239584,-0.121435482,-0.25809431,-0.225515082
78,-0.211287856,1.67605356,-0.174738191,-0.211287548,-0.42971986,-0.14195372,-0.211289631,-0.17473793,-0.14195499,-0.211288452,-0.171243951,1.033509765,-0.159115447,-0.611745834,-0.211287062,-0.174738398,-0.211289305,-0.141954143,-0.365494738,-0.338120605,-0.141954461,-0.211289232,2.525667033,-0.22983585,-0.192008554,-0.244913465,-0.300193551,-0.213444633,-0.213437106,-0.149234803,-0.194028895,-0.174738931,-0.830771549,-0.194653639,-0.149239584,-0.121435482,-0.25809431,-0.225515082
79,-0.211287856,-0.211288796,-0.174738191,-0.211287548,-0.42971986,-0.14195372,1.67635298,-0.17473793,-0.14195499,-0.211288452,-0.171243951,1.033509765,-0.159115447,1.665225262,-0.211287062,-0.174738398,-0.211289305,-0.141954143,-0.365494738,-0.338120605,-0.141954461,-0.211289232,-0.401400407,-0.22983585,-0.192008554,1.50485418,-0.300193551,-0.213444633,-0.213437106,-0.149234803,-0.194028895,-0.174738931,-0.830771549,-0.194653639,-0.149239584,-0.121435482,-0.25809431,-0.225515082
80,-0.211287856,-0.211288796,-0.174738191,-0.211287548,0.87890804,-0.14195372,-0.211289631,-0.17473793,-0.14195499,-0.211288452,-0.171243951,-0.36548181,-0.159115447,-0.611745834,1.676439154,-0.174738398,-0.211289305,-0.141954143,-0.365494738,-0.338120605,-0.141954461,-0.211289232,2.525667033,-0.22983585,-0.192008554,-0.244913465,-0.300193551,-0.213444633,-0.213437106,-0.149234803,-0.194028895,-0.174738931,-0.830771549,-0.194653639,-0.149239584,-0.121435482,-0.25809431,-0.225515082
81,-0.211287856,-0.211288796,-0.174738191,-0.211287548,-0.42971986,-0.14195372,-0.211289631,-0.17473793,-0.14195499,-0.211288452,-0.171243951,-0.36548181,-0.159115447,2.234468036,-0.211287062,-0.174738398,-0.211289305,-0.141954143,1.033590245,-0.338120605,-0.141954461,1.676339345,-0.401400407,-0.22983585,-0.192008554,-0.244913465,-0.300193551,-0.213444633,-0.213437106,-0.149234803,-0.194028895,-0.174738931,-0.829122303,-0.194653639,-0.149239584,-0.121435482,-0.25809431,-0.225515082
82,-0.211287856,-0.211288796,-0.174738191,-0.211287548,-0.42971986,-0.14195372,-0.211289631,-0.17473793,-0.14195499,-0.211288452,-0.171243951,-0.36548181,-0.159115447,-0.611745834,-0.211287062,-0.174738398,-0.211289305,-0.141954143,1.033590245,-0.338120605,-0.141954461,-0.211289232,3.257514034,-0.22983585,-0.192008554,-0.244913465,-0.300193551,-0.213444633,-0.213437106,-0.149234803,-0.194028895,-0.174738931,-0.829122303,-0.194653639,-0.149239584,-0.121435482,-0.25809431,-0.225515082
83,-0.211287856,-0.211288796,-0.174738191,-0.211287548,-0.42971986,-0.14195372,-0.211289631,-0.17473793,-0.14195499,-0.211288452,-0.171243951,1.033509765,-0.159115447,1.665225262,-0.211287062,-0.174738398,1.675893056,-0.141954143,-0.365494738,-0.338120605,-0.141954461,-0.211289232,-0.401400407,-0.22983585,-0.192008554,-0.244913465,-0.300193551,-0.213444633,-0.213437106,-0.149234803,-0.194028895,-0.174738931,-0.830771549,-0.194653639,-0.149239584,-0.121435482,-0.25809431,-0.225515082
84,-0.211287856,-0.211288796,-0.174738191,-0.211287548,0.87890804,-0.14195372,-0.211289631,-0.17473793,-0.14195499,-0.211288452,-0.171243951,-0.36548181,-0.159115447,1.665225262,-0.211287062,-0.174738398,-0.211289305,-0.141954143,-0.365494738,0.726966587,-0.141954461,-0.211289232,-0.401400407,-0.22983585,-0.192008554,-0.244913465,1.309444741,-0.213444633,-0.213437106,-0.149234803,-0.194028895,-0.174738931,-0.830771549,-0.194653639,-0.149239584,-0.121435482,-0.25809431,-0.225515082
85,7.394720839,-0.211288796,-0.174738191,-0.211287548,-0.42971986,-0.14195372,-0.211289631,-0.17473793,-0.14195499,-0.211288452,-0.171243951,-0.36548181,-0.159115447,-0.038449907,-0.211287062,-0.174738398,-0.211289305,-0.141954143,-0.365494738,-0.338120605,-0.141954461,-0.211289232,-0.401400407,-0.22983585,-0.192008554,-0.244913465,2.941263088,-0.213444633,5.550037675,-0.149234803,-0.194028895,-0.174738931,-0.005062751,-0.194653639,7.907577745,9.218396989,-0.25809431,-0.225515082
86,-0.211287856,-0.211288796,-0.174738191,7.394801675,-0.42971986,-0.14195372,-0.211289631,-0.17473793,-0.14195499,-0.211288452,-0.171243951,-0.36548181,-0.159115447,-0.038449907,-0.211287062,-0.174738398,-0.211289305,-0.141954143,-0.365494738,-0.338120605,-0.141954461,-0.211289232,-0.401400407,-0.22983585,-0.192008554,-0.244913465,-0.300193551,5.548567855,-0.213437106,-0.149234803,-0.194028895,-0.174738931,-0.005062751,-0.194653639,-0.149239584,-0.121435482,-0.25809431,-0.225515082
87,-0.211287856,-0.211288796,-0.174738191,-0.211287548,-0.42971986,-0.14195372,-0.211289631,-0.17473793,-0.14195499,7.394457619,-0.171243951,-0.36548181,-0.159115447,-0.038449907,-0.211287062,-0.174738398,-0.211289305,-0.141954143,-0.365494738,1.807901665,-0.141954461,-0.211289232,-0.401400407,-0.22983585,-0.192008554,-0.244913465,2.941263088,-0.213444633,5.550037675,-0.149234803,-0.194028895,-0.174738931,-0.005062751,-0.194653639,-0.149239584,-0.121435482,-0.25809431,-0.225515082
88,-0.211287856,7.394589437,-0.174738191,-0.211287548,-0.42971986,-0.14195372,-0.211289631,-0.17473793,-0.14195499,-0.211288452,-0.171243951,-0.36548181,-0.159115447,-0.611745834,-0.211287062,-0.174738398,-0.211289305,-0.141954143,-0.365494738,-0.338120605,-0.141954461,-0.211289232,0.335896177,-0.22983585,-0.192008554,-0.244913465,-0.300193551,-0.213444633,-0.213437106,-0.149234803,-0.194028895,-0.174738931,-0.005062751,-0.194653639,-0.149239584,-0.121435482,-0.25809431,-0.225515082
89,-0.211287856,-0.211288796,-0.174738191,-0.211287548,-0.42971986,-0.14195372,7.394970839,-0.17473793,-0.14195499,-0.211288452,-0.171243951,-0.36548181,-0.159115447,-0.038449907,-0.211287062,-0.174738398,-0.211289305,-0.141954143,-0.365494738,-0.338120605,-0.141954461,-0.211289232,-0.401400407,-0.22983585,-0.192008554,6.804280668,-0.300193551,-0.213444633,-0.213437106,-0.149234803,-0.194028895,-0.174738931,-0.005062751,-0.194653639,-0.149239584,-0.121435482,-0.25809431,-0.225515082
90,-0.211287856,-0.211288796,-0.174738191,-0.211287548,-0.42971986,-0.14195372,-0.211289631,-0.17473793,-0.14195499,-0.211288452,-0.171243951,-0.36548181,-0.159115447,-0.611745834,7.394615824,-0.174738398,-0.211289305,-0.141954143,-0.365494738,-0.338120605,-0.141954461,-0.211289232,0.335896177,-0.22983585,-0.192008554,-0.244913465,-0.300193551,-0.213444633,-0.213437106,-0.149234803,-0.194028895,-0.174738931,-0.005062751,-0.194653639,-0.149239584,-0.121435482,-0.25809431,-0.225515082
91,-0.211287856,-0.211288796,-0.174738191,-0.211287548,-0.42971986,-0.14195372,-0.211289631,-0.17473793,-0.14195499,-0.211288452,-0.171243951,-0.36548181,-0.159115447,2.2556345,-0.211287062,-0.174738398,-0.211289305,-0.141954143,-0.365494738,-0.338120605,-0.141954461,7.394837929,-0.401400407,-0.22983585,-0.192008554,-0.244913465,-0.300193551,5.548567855,-0.213437106,-0.149234803,-0.194028895,-0.174738931,-0.005062751,-0.194653639,-0.149239584,-0.121435482,-0.25809431,-0.225515082
92,-0.211287856,-0.211288796,-0.174738191,-0.211287548,-0.42971986,-0.14195372,-0.211289631,-0.17473793,-0.14195499,-0.211288452,-0.171243951,-0.36548181,-0.159115447,-0.611745834,-0.211287062,-0.174738398,-0.211289305,-0.141954143,-0.365494738,-0.338120605,-0.141954461,-0.211289232,3.284761951,-0.22983585,-0.192008554,-0.244913465,-0.300193551,-0.213444633,-0.213437106,7.909444537,-0.194028895,-0.174738931,-0.005062751,-0.194653639,-0.149239584,-0.121435482,-0.25809431,-0.225515082
93,-0.211287856,-0.211288796,-0.174738191,-0.211287548,-0.42971986,-0.14195372,-0.211289631,-0.17473793,-0.14195499,-0.211288452,-0.171243951,-0.36548181,-0.159115447,-0.038449907,-0.211287062,-0.174738398,7.394548821,-0.141954143,-0.365494738,-0.338120605,-0.141954461,-0.211289232,-0.401400407,-0.22983585,-0.192008554,-0.244913465,-0.300193551,-0.213444633,-0.213437106,-0.149234803,-0.194028895,-0.174738931,-0.005062751,-0.194653639,-0.149239584,-0.121435482,-0.25809431,-0.225515082
94,-0.211287856,-0.211288796,-0.174738191,-0.211287548,-0.42971986,-0.14195372,-0.211289631,-0.17473793,-0.14195499,-0.211288452,-0.171243951,-0.36548181,-0.159115447,-0.038449907,-0.211287062,-0.174738398,-0.211289305,-0.141954143,-0.365494738,3.953923936,-0.141954461,-0.211289232,-0.401400407,-0.22983585,-0.192008554,-0.244913465,6.184304018,-0.213444633,-0.213437106,-0.149234803,-0.194028895,-0.174738931,-0.005062751,5.799060108,-0.149239584,-0.121435482,-0.25809431,-0.225515082
95,1.690214318,-0.211288796,-0.174738191,-0.211287548,3.525117728,-0.14195372,-0.211289631,-0.17473793,-0.14195499,-0.211288452,-0.171243951,-0.36548181,-0.159115447,-0.038449907,-0.211287062,-0.174738398,-0.211289305,-0.141954143,-0.365494738,-0.338120605,-0.141954461,-0.211289232,-0.401400407,-0.22983585,-0.192008554,-0.244913465,-0.300193551,-0.213444633,-0.213437106,-0.149234803,-0.194028895,-0.174738931,-0.005062751,-0.194653639,-0.149239584,-0.121435482,-0.25809431,-0.225515082
96,-0.211287856,-0.211288796,-0.174738191,1.690125381,-0.42971986,-0.14195372,-0.211289631,-0.17473793,-0.14195499,-0.211288452,-0.171243951,-0.36548181,-0.159115447,-0.038449907,-0.211287062,-0.174738398,-0.211289305,-0.141954143,3.863516355,-0.338120605,-0.141954461,-0.211289232,-0.401400407,-0.22983585,-0.192008554,-0.244913465,-0.300193551,-0.213444633,-0.213437106,-0.149234803,-0.194028895,-0.174738931,-0.000115015,-0.194653639,-0.149239584,-0.121435482,-0.25809431,-0.225515082
97,-0.211287856,-0.211288796,-0.174738191,-0.211287548,3.525556423,-0.14195372,-0.211289631,-0.17473793,-0.14195499,1.690148066,-0.171243951,-0.36548181,-0.159115447,-0.038449907,-0.211287062,-0.174738398,-0.211289305,-0.141954143,-0.365494738,-0.338120605,-0.141954461,-0.211289232,-0.401400407,-0.22983585,-0.192008554,-0.244913465,-0.300193551,-0.213444633,-0.213437106,-0.149234803,-0.194028895,-0.174738931,-0.005062751,-0.194653639,-0.149239584,-0.121435482,-0.25809431,-0.225515082
98,-0.211287856,1.69031037,-0.174738191,-0.211287548,-0.42971986,-0.14195372,-0.211289631,-0.17473793,-0.14195499,-0.211288452,-0.171243951,3.863607501,-0.159115447,-0.611745834,-0.211287062,-0.174738398,-0.211289305,-0.141954143,-0.365494738,-0.338120605,-0.141954461,-0.211289232,0.335896177,-0.22983585,-0.192008554,-0.244913465,-0.300193551,-0.213444633,-0.213437106,-0.149234803,4.427890055,-0.174738931,-0.005062751,-0.194653639,-0.149239584,-0.121435482,-0.25809431,-0.225515082
99,-0.211287856,-0.211288796,-0.174738191,-0.211287548,-0.42971986,-0.14195372,1.690483285,-0.17473793,-0.14195499,-0.211288452,-0.171243951,3.863607501,-0.159115447,-0.038449907,-0.211287062,-0.174738398,-0.211289305,-0.141954143,-0.365494738,-0.338120605,-0.141954461,-0.211289232,-0.401400407,-0.22983585,-0.192008554,1.517005344,-0.300193551,-0.213444633,-0.213437106,-0.149234803,4.427890055,-0.174738931,-0.005062751,-0.194653639,-0.149239584,-0.121435482,-0.25809431,-0.225515082
100,-0.211287856,-0.211288796,-0.174738191,-0.211287548,3.525556423,-0.14195372,-0.211289631,-0.17473793,-0.14195499,-0.211288452,-0.171243951,-0.36548181,-0.159115447,-0.611745834,1.690188659,-0.174738398,-0.211289305,-0.141954143,-0.365494738,-0.338120605,-0.141954461,-0.211289232,0.335896177,-0.22983585,-0.192008554,-0.244913465,-0.300193551,-0.213444633,-0.213437106,-0.149234803,-0.194028895,-0.174738931,-0.005062751,-0.194653639,-0.149239584,-0.121435482,-0.25809431,-0.225515082
101,-0.211287856,-0.211288796,-0.174738191,-0.211287548,-0.42971986,-0.14195372,-0.211289631,-0.17473793,-0.14195499,-0.211288452,-0.171243951,-0.36548181,-0.159115447,0.535296369,-0.211287062,-0.174738398,-0.211289305,-0.141954143,3.863516355,-0.338120605,-0.141954461,1.690242558,-0.401400407,-0.22983585,-0.192008554,-0.244913465,-0.300193551,-0.213444633,-0.213437106,-0.149234803,-0.194028895,-0.174738931,-0.000115015,-0.194653639,-0.149239584,-0.121435482,-0.25809431,-0.225515082
102,-0.211287856,-0.211288796,-0.174738191,-0.211287548,-0.42971986,-0.14195372,-0.211289631,-0.17473793,-0.14195499,-0.211288452,-0.171243951,-0.36548181,-0.159115447,-0.611745834,-0.211287062,-0.174738398,-0.211289305,-0.141954143,3.863516355,-0.338120605,-0.141954461,-0.211289232,1.072872198,-0.22983585,-0.192008554,-0.244913465,-0.300193551,-0.213444633,-0.213437106,-0.149234803,-0.194028895,-0.174738931,-0.000115015,-0.194653639,-0.149239584,-0.121435482,-0.25809431,-0.225515082
103,-0.211287856,-0.211288796,-0.174738191,-0.211287548,-0.42971986,-0.14195372,-0.211289631,-0.17473793,-0.14195499,-0.211288452,-0.171243951,3.863607501,-0.159115447,-0.038449907,-0.211287062,-0.174738398,1.690602868,-0.141954143,-0.365494738,-0.338120605,-0.141954461,-0.211289232,-0.401400407,-0.22983585,-0.192008554,-0.244913465,-0.300193551,-0.213444633,-0.213437106,-0.149234803,4.427890055,-0.174738931,-0.005062751,-0.194653639,-0.149239584,-0.121435482,-0.25809431,-0.225515082
104,-0.211287856,-0.211288796,-0.174738191,-0.211287548,3.525556423,-0.14195372,-0.211289631,-0.17473793,-0.14195499,-0.211288452,-0.171243951,-0.36548181,-0.159115447,-0.038449907,-0.211287062,-0.174738398,-0.211289305,-0.141954143,-0.365494738,0.735163769,-0.141954461,-0.211289232,-0.401400407,-0.22983585,-0.192008554,-0.244913465,1.320534768,-0.213444633,-0.213437106,-0.149234803,-0.194028895,-0.174738931,-0.005062751,-0.194653639,-0.149239584,-0.121435482,-0.25809431,-0.225515082
105,5.535934131,-0.211288796,-0.174738191,-0.211287548,0.898649326,-0.14195372,-0.211289631,-0.17473793,-0.14195499,-0.211288452,-0.171243951,-0.36548181,-0.159115447,-0.611745834,-0.211287062,-0.174738398,-0.211289305,-0.141954143,-0.365494738,-0.338120605,-0.141954461,-0.211289232,-0.401400407,-0.22983585,-0.192008554,-0.244913465,2.149118259,-0.213444633,4.140291071,-0.149234803,-0.194028895,-0.174738931,0.827403929,-0.194653639,5.941078252,6.932522075,-0.25809431,-0.225515082
106,-0.211287856,-0.211288796,-0.174738191,5.535827093,-0.42971986,-0.14195372,-0.211289631,-0.17473793,-0.14195499,-0.211288452,-0.171243951,-0.36548181,-0.159115447,-0.611745834,-0.211287062,-0.174738398,-0.211289305,-0.141954143,1.054912228,-0.338120605,-0.141954461,-0.211289232,-0.401400407,-0.22983585,-0.192008554,-0.244913465,-0.300193551,4.141564806,-0.213437106,-0.149234803,-0.194028895,-0.174738931,0.829053175,-0.194653639,-0.149239584,-0.121435482,-0.25809431,-0.225515082
107,-0.211287856,-0.211288796,-0.174738191,-0.211287548,0.898649326,-0.14195372,-0.211289631,-0.17473793,-0.14195499,5.536099587,-0.171243951,-0.36548181,-0.159115447,-0.611745834,-0.211287062,-0.174738398,-0.211289305,-0.141954143,-0.365494738,1.283282012,-0.141954461,-0.211289232,-0.401400407,-0.22983585,-0.192008554,-0.244913465,2.149118259,-0.213444633,4.140291071,-0.149234803,-0.194028895,-0.174738931,0.827403929,-0.194653639,-0.149239584,-0.121435482,-0.25809431,-0.225515082
108,-0.211287856,5.536019915,-0.174738191,-0.211287548,-0.42971986,-0.14195372,-0.211289631,-0.17473793,-0.14195499,-0.211288452,-0.171243951,1.054584961,-0.159115447,-0.611745834,-0.211287062,-0.174738398,-0.211289305,-0.141954143,-0.365494738,-0.338120605,-0.141954461,-0.211289232,-0.401400407,-0.22983585,-0.192008554,-0.244913465,-0.300193551,-0.213444633,-0.213437106,-0.149234803,-0.194028895,-0.174738931,0.827403929,-0.194653639,-0.149239584,-0.121435482,-0.25809431,-0.225515082
109,-0.211287856,-0.211288796,-0.174738191,-0.211287548,-0.42971986,-0.14195372,5.53558884,-0.17473793,-0.14195499,-0.211288452,-0.171243951,1.054584961,-0.159115447,-0.611745834,-0.211287062,-0.174738398,-0.211289305,-0.141954143,-0.365494738,-0.338120605,-0.141954461,-0.211289232,-0.401400407,-0.22983585,-0.192008554,5.081853142,-0.300193551,-0.213444633,-0.213437106,-0.149234803,-0.194028895,-0.174738931,0.827403929,-0.194653639,-0.149239584,-0.121435482,-0.25809431,-0.225515082
110,-0.211287856,-0.211288796,-0.174738191,-0.211287548,0.898649326,-0.14195372,-0.211289631,-0.17473793,-0.14195499,-0.211288452,-0.171243951,-0.36548181,-0.159115447,-0.611745834,5.536006207,-0.174738398,-0.211289305,-0.141954143,-0.365494738,-0.338120605,-0.141954461,-0.211289232,-0.401400407,-0.22983585,-0.192008554,-0.244913465,-0.300193551,-0.213444633,-0.213437106,-0.149234803,-0.194028895,-0.174738931,0.827403929,-0.194653639,-0.149239584,-0.121435482,-0.25809431,-0.225515082
111,-0.211287856,-0.211288796,-0.174738191,-0.211287548,-0.42971986,-0.14195372,-0.211289631,-0.17473793,-0.14195499,-0.211288452,-0.171243951,-0.36548181,-0.159115447,1.121652455,-0.211287062,-0.174738398,-0.211289305,-0.141954143,1.054912228,-0.338120605,-0.141954461,5.536085257,-0.401400407,-0.22983585,-0.192008554,-0.244913465,-0.300193551,4.141564806,-0.213437106,-0.149234803,-0.194028895,-0.174738931,0.829053175,-0.194653639,-0.149239584,-0.121435482,-0.25809431,-0.225515082
112,-0.211287856,-0.211288796,-0.174738191,-0.211287548,-0.42971986,-0.14195372,-0.211289631,-0.17473793,-0.14195499,-0.211288452,-0.171243951,-0.36548181,-0.159115447,-0.611745834,-0.211287062,-0.174738398,-0.211289305,-0.141954143,1.054912228,-0.338120605,-0.141954461,-0.211289232,1.826838096,-0.22983585,-0.192008554,-0.244913465,-0.300193551,-0.213444633,-0.213437106,5.940458825,-0.194028895,-0.174738931,0.829053175,-0.194653639,-0.149239584,-0.121435482,-0.25809431,-0.225515082
113,-0.211287856,-0.211288796,-0.174738191,-0.211287548,-0.42971986,-0.14195372,-0.211289631,-0.17473793,-0.14195499,-0.211288452,-0.171243951,1.054584961,-0.159115447,-0.611745834,-0.211287062,-0.174738398,5.535920801,-0.141954143,-0.365494738,-0.338120605,-0.141954461,-0.211289232,-0.401400407,-0.22983585,-0.192008554,-0.244913465,-0.300193551,-0.213444633,-0.213437106,-0.149234803,-0.194028895,-0.174738931,0.827403929,-0.194653639,-0.149239584,-0.121435482,-0.25809431,-0.225515082
114,-0.211287856,-0.211288796,-0.174738191,-0.211287548,0.898649326,-0.14195372,-0.211289631,-0.17473793,-0.14195499,-0.211288452,-0.171243951,-0.36548181,-0.159115447,-0.611745834,-0.211287062,-0.174738398,-0.211289305,-0.141954143,-0.365494738,2.905231107,-0.141954461,-0.211289232,-0.401400407,-0.22983585,-0.192008554,-0.244913465,4.60001436,-0.213444633,-0.213437106,-0.149234803,-0.194028895,-0.174738931,0.827403929,4.334384667,-0.149239584,-0.121435482,-0.25809431,-0.225515082
115,1.704489694,-0.211288796,-0.174738191,-0.211287548,0.898649326,-0.14195372,-0.211289631,-0.17473793,-0.14195499,-0.211288452,-0.171243951,-0.36548181,-0.159115447,1.699451884,-0.211287062,-0.174738398,-0.211289305,-0.141954143,-0.365494738,-0.338120605,-0.141954461,-0.211289232,-0.401400407,-0.22983585,-0.192008554,-0.244913465,-0.300193551,-0.213444633,-0.213437106,-0.149234803,-0.194028895,-0.174738931,0.827403929,-0.194653639,-0.149239584,-0.121435482,-0.25809431,-0.225515082
116,-0.211287856,-0.211288796,-0.174738191,1.704563169,-0.42971986,-0.14195372,-0.211289631,-0.17473793,-0.14195499,-0.211288452,-0.171243951,-0.36548181,-0.159115447,1.699451884,-0.211287062,-0.174738398,-0.211289305,-0.141954143,1.054912228,-0.338120605,-0.141954461,-0.211289232,-0.401400407,-0.22983585,-0.192008554,-0.244913465,-0.300193551,-0.213444633,-0.213437106,-0.149234803,-0.194028895,-0.174738931,0.829053175,-0.194653639,-0.149239584,-0.121435482,-0.25809431,-0.225515082
117,-0.211287856,-0.211288796,-0.174738191,-0.211287548,0.898649326,-0.14195372,-0.211289631,-0.17473793,-0.14195499,1.704507561,-0.171243951,-0.36548181,-0.159115447,1.699451884,-0.211287062,-0.174738398,-0.211289305,-0.141954143,-0.365494738,-0.338120605,-0.141954461,-0.211289232,-0.401400407,-0.22983585,-0.192008554,-0.244913465,-0.300193551,-0.213444633,-0.213437106,-0.149234803,-0.194028895,-0.174738931,0.827403929,-0.194653639,-0.149239584,-0.121435482,-0.25809431,-0.225515082
118,-0.211287856,1.704567179,-0.174738191,-0.211287548,-0.42971986,-0.14195372,-0.211289631,-0.17473793,-0.14195499,-0.211288452,-0.171243951,1.054584961,-0.159115447,-0.611745834,-0.211287062,-0.174738398,-0.211289305,-0.141954143,-0.365494738,-0.338120605,-0.141954461,-0.211289232,2.569584264,-0.22983585,-0.192008554,-0.244913465,-0.300193551,-0.213444633,-0.213437106,-0.149234803,-0.194028895,-0.174738931,0.827403929,-0.194653639,-0.149239584,-0.121435482,-0.25809431,-0.225515082
119,-0.211287856,-0.211288796,-0.174738191,-0.211287548,-0.42971986,-0.14195372,1.704613591,-0.17473793,-0.14195499,-0.211288452,-0.171243951,1.054584961,-0.159115447,1.699451884,-0.211287062,-0.174738398,-0.211289305,-0.141954143,-0.365494738,-0.338120605,-0.141954461,-0.211289232,-0.401400407,-0.22983585,-0.192008554,1.530675404,-0.300193551,-0.213444633,-0.213437106,-0.149234803,-0.194028895,-0.174738931,0.827403929,-0.194653639,-0.149239584,-0.121435482,-0.25809431,-0.225515082
120,-0.211287856,-0.211288796,-0.174738191,-0.211287548,0.898649326,-0.14195372,-0.211289631,-0.17473793,-0.14195499,-0.211288452,-0.171243951,-0.36548181,-0.159115447,-0.611745834,1.704746959,-0.174738398,-0.211289305,-0.141954143,-0.365494738,-0.338120605,-0.141954461,-0.211289232,2.569584264,-0.22983585,-0.192008554,-0.244913465,-0.300193551,-0.213444633,-0.213437106,-0.149234803,-0.194028895,-0.174738931,0.827403929,-0.194653639,-0.149239584,-0.121435482,-0.25809431,-0.225515082
121,-0.211287856,-0.211288796,-0.174738191,-0.211287548,-0.42971986,-0.14195372,-0.211289631,-0.17473793,-0.14195499,-0.211288452,-0.171243951,-0.36548181,-0.159115447,2.277251314,-0.211287062,-0.174738398,-0.211289305,-0.141954143,1.054912228,-0.338120605,-0.141954461,1.704145772,-0.401400407,-0.22983585,-0.192008554,-0.244913465,-0.300193551,-0.213444633,-0.213437106,-0.149234803,-0.194028895,-0.174738931,0.829053175,-0.194653639,-0.149239584,-0.121435482,-0.25809431,-0.225515082
122,-0.211287856,-0.211288796,-0.174738191,-0.211287548,-0.42971986,-0.14195372,-0.211289631,-0.17473793,-0.14195499,-0.211288452,-0.171243951,-0.36548181,-0.159115447,-0.611745834,-0.211287062,-0.174738398,-0.211289305,-0.141954143,1.054912228,-0.338120605,-0.141954461,-0.211289232,3.312330432,-0.22983585,-0.192008554,-0.244913465,-0.300193551,-0.213444633,-0.213437106,-0.149234803,-0.194028895,-0.174738931,0.829053175,-0.194653639,-0.149239584,-0.121435482,-0.25809431,-0.225515082
123,-0.211287856,-0.211288796,-0.174738191,-0.211287548,-0.42971986,-0.14195372,-0.211289631,-0.17473793,-0.14195499,-0.211288452,-0.171243951,1.054584961,-0.159115447,1.699451884,-0.211287062,-0.174738398,1.704447397,-0.141954143,-0.365494738,-0.338120605,-0.141954461,-0.211289232,-0.401400407,-0.22983585,-0.192008554,-0.244913465,-0.300193551,-0.213444633,-0.213437106,-0.149234803,-0.194028895,-0.174738931,0.827403929,-0.194653639,-0.149239584,-0.121435482,-0.25809431,-0.225515082
124,-0.211287856,-0.211288796,-0.174738191,-0.211287548,0.898649326,-0.14195372,-0.211289631,-0.17473793,-0.14195499,-0.211288452,-0.171243951,-0.36548181,-0.159115447,1.699451884,-0.211287062,-0.174738398,-0.211289305,-0.141954143,-0.365494738,0.742814473,-0.141954461,-0.211289232,-0.401400407,-0.22983585,-0.192008554,-0.244913465,1.333209086,-0.213444633,-0.213437106,-0.149234803,-0.194028895,-0.174738931,0.827403929,-0.194653639,-0.149239584,-0.121435482,-0.25809431,-0.225515082
125,1.718875731,-0.211288796,-0.174738191,-0.211287548,0.908300621,-0.14195372,-0.211289631,-0.17473793,-0.14195499,-0.211288452,-0.171243951,-0.36548181,-0.159115447,-0.029442902,-0.211287062,-0.174738398,-0.211289305,-0.141954143,-0.365494738,-0.338120605,-0.141954461,-0.211289232,-0.401400407,-0.22983585,-0.192008554,-0.244913465,-0.300193551,-0.213444633,-0.213437106,-0.149234803,-0.194028895,-0.174738931,1.666628494,-0.194653639,-0.149239584,-0.121435482,-0.25809431,-0.225515082
126,-0.211287856,-0.211288796,-0.174738191,1.719000957,-0.42971986,-0.14195372,-0.211289631,-0.17473793,-0.14195499,-0.211288452,-0.171243951,-0.36548181,-0.159115447,-0.029442902,-0.211287062,-0.174738398,-0.211289305,-0.141954143,1.065346389,-0.338120605,-0.141954461,-0.211289232,-0.401400407,-0.22983585,-0.192008554,-0.244913465,-0.300193551,-0.213444633,-0.213437106,-0.149234803,-0.194028895,-0.174738931,1.668277739,-0.194653639,-0.149239584,-0.121435482,-0.25809431,-0.225515082
127,-0.211287856,-0.211288796,-0.174738191,-0.211287548,0.908300621,-0.14195372,-0.211289631,-0.17473793,-0.14195499,1.718867057,-0.171243951,-0.36548181,-0.159115447,-0.029442902,-0.211287062,-0.174738398,-0.211289305,-0.141954143,-0.365494738,-0.338120605,-0.141954461,-0.211289232,-0.401400407,-0.22983585,-0.192008554,-0.244913465,-0.300193551,-0.213444633,-0.213437106,-0.149234803,-0.194028895,-0.174738931,1.666628494,-0.194653639,-0.149239584,-0.121435482,-0.25809431,-0.225515082
128,-0.211287856,1.718823988,-0.174738191,-0.211287548,-0.42971986,-0.14195372,-0.211289631,-0.17473793,-0.14195499,-0.211288452,-0.171243951,1.06562435,-0.159115447,-0.611745834,-0.211287062,-0.174738398,-0.211289305,-0.141954143,-0.365494738,-0.338120605,-0.141954461,-0.211289232,0.346795344,-0.22983585,-0.192008554,-0.244913465,-0.300193551,-0.213444633,-0.213437106,-0.149234803,-0.194028895,-0.174738931,1.666628494,-0.194653639,-0.149239584,-0.121435482,-0.25809431,-0.225515082
129,-0.211287856,-0.211288796,-0.174738191,-0.211287548,-0.42971986,-0.14195372,1.718743897,-0.17473793,-0.14195499,-0.211288452,-0.171243951,1.06562435,-0.159115447,-0.029442902,-0.211287062,-0.174738398,-0.211289305,-0.141954143,-0.365494738,-0.338120605,-0.141954461,-0.211289232,-0.401400407,-0.22983585,-0.192008554,1.544345464,-0.300193551,-0.213444633,-0.213437106,-0.149234803,-0.194028895,-0.174738931,1.666628494,-0.194653639,-0.149239584,-0.121435482,-0.25809431,-0.225515082
130,-0.211287856,-0.211288796,-0.174738191,-0.211287548,0.908300621,-0.14195372,-0.211289631,-0.17473793,-0.14195499,-0.211288452,-0.171243951,-0.36548181,-0.159115447,-0.611745834,1.718496465,-0.174738398,-0.211289305,-0.141954143,-0.365494738,-0.338120605,-0.141954461,-0.211289232,0.346795344,-0.22983585,-0.192008554,-0.244913465,-0.300193551,-0.213444633,-0.213437106,-0.149234803,-0.194028895,-0.174738931,1.666628494,-0.194653639,-0.149239584,-0.121435482,-0.25809431,-0.225515082
131,-0.211287856,-0.211288796,-0.174738191,-0.211287548,-0.42971986,-0.14195372,-0.211289631,-0.17473793,-0.14195499,-0.211288452,-0.171243951,-0.36548181,-0.159115447,0.552409681,-0.211287062,-0.174738398,-0.211289305,-0.141954143,1.065346389,-0.338120605,-0.141954461,1.719118463,-0.401400407,-0.22983585,-0.192008554,-0.244913465,-0.300193551,-0.213444633,-0.213437106,-0.149234803,-0.194028895,-0.174738931,1.668277739,-0.194653639,-0.149239584,-0.121435482,-0.25809431,-0.225515082
132,-0.211287856,-0.211288796,-0.174738191,-0.211287548,-0.42971986,-0.14195372,-0.211289631,-0.17473793,-0.14195499,-0.211288452,-0.171243951,-0.36548181,-0.159115447,-0.611745834,-0.211287062,-0.174738398,-0.211289305,-0.141954143,1.065346389,-0.338120605,-0.141954461,-0.211289232,1.095311659,-0.22983585,-0.192008554,-0.244913465,-0.300193551,-0.213444633,-0.213437106,-0.149234803,-0.194028895,-0.174738931,1.668277739,-0.194653639,-0.149239584,-0.121435482,-0.25809431,-0.225515082
133,-0.211287856,-0.211288796,-0.174738191,-0.211287548,-0.42971986,-0.14195372,-0.211289631,-0.17473793,-0.14195499,-0.211288452,-0.171243951,1.06562435,-0.159115447,-0.029442902,-0.211287062,-0.174738398,1.719157209,-0.141954143,-0.365494738,-0.338120605,-0.141954461,-0.211289232,-0.401400407,-0.22983585,-0.192008554,-0.244913465,-0.300193551,-0.213444633,-0.213437106,-0.149234803,-0.194028895,-0.174738931,1.666628494,-0.194653639,-0.149239584,-0.121435482,-0.25809431,-0.225515082
134,-0.211287856,-0.211288796,-0.174738191,-0.211287548,0.908300621,-0.14195372,-0.211289631,-0.17473793,-0.14195499,-0.211288452,-0.171243951,-0.36548181,-0.159115447,-0.029442902,-0.211287062,-0.174738398,-0.211289305,-0.141954143,-0.365494738,0.751011655,-0.141954461,-0.211289232,-0.401400407,-0.22983585,-0.192008554,-0.244913465,1.345883403,-0.213444633,-0.213437106,-0.149234803,-0.194028895,-0.174738931,1.666628494,-0.194653639,-0.149239584,-0.121435482,-0.25809431,-0.225515082
