,6.9,8.3,9.8,10.4,11.8,12.0,13.9,14.5,14.8,15.6,16.7,17.1,18.1,18.4,18.7,19.7,20.5,20.9,22.1,22.2,23.2,23.4,23.7,24.2,25.2,25.7,26.6,27.1,27.8,27.9,28.0,28.9,29.2,29.8,30.4,30.6,31.4,31.6,32.2,32.7,33.0,33.4,33.8,34.5,34.9,35.1,35.3,35.9,36.0,36.7,36.9,37.4,37.9,38.1,38.2,38.9,39.4,39.9,40.1,40.7,40.8,41.2,41.4,42.0,42.6,43.2,43.5,43.8,44.0,44.4,44.5,45.0,45.2,45.3,45.6,46.1,46.2,46.7,46.8,47.4,47.7,47.9,49.1,49.2,49.4,49.6,50.2,50.4,50.7,51.8,52.3,52.5,52.9,53.4,54.0,54.9,55.2,56.0,57.5,58.4,59.0,59.9,61.2,61.9,62.9,63.7,64.0,65.2,66.1,66.5,67.1,67.4,67.9,68.1,68.8,69.2,70.1,70.5,70.6,71.0,71.1,71.5,72.1,72.4,73.0,73.1,73.2,73.6,73.7,74.1,74.3,74.6,75.1,75.4,75.5,75.9,76.3,76.7,76.8,77.1,77.2,78.0,78.4,78.6,79.0,79.3,79.7,79.9,80.2,80.5,80.6,81.0,81.4,81.7,81.9,82.3,82.7,82.8,82.9,83.5,83.6,83.8,84.0,84.2,84.4,84.7,84.8,85.2,85.4,86.1,86.6,87.2,87.4,87.6,87.8,88.2,88.5,88.6,89.0,89.5,89.9
0,0,0,0,0,0,0,0,0,0,0,0,0,0,0,0,0,0,0.011461,0,0,0,0,0,0,0,0,0,0,0,0,0,0,0,0,0,0,0,0,0,0,0,0,0,0,0,0,0,0,0,0.008061,0,0,0,0,0,0,0,0,0,0,0,0,0,0,100,0,0,0,0,0,0,0,0,0,0,0,0,0,0,0,0,0.002137,0,0,0,0,0,0,0,0,0,0,0,0,0,0,0,0,0.001903,0,0,0,0,16.035201,0,0,0,0,0.001532,0,0,0,0,0,0,0,0,0,0,0,0,0,0,0,0,0,0,0,0,0.001444,0,0,0,0,0,0,0,0,0,0,0,32.571556,0,0,0,0,0,0,0,0,0,0,0,0,0.005724,0,0,0,0,0,0,0,0,0,0,0,0,0,0,0,0,0,0,0,0,0,0,0,0,0.004512,0
1,0,0,0,0,0,0,0,0,0,0,0,0,0,0,0,0,0,0,0,0,0,0,0,0,0,0,0,0,0,0,0,0,0,0.020698,0,0,0,0,0,0,0,0,0,0,0,0,0,0,0,0,0,0,0,0,0,0,0,0,0,0,0,0,0,0,100,0,0,0,0,0,0,0,0,0,0,0,0,0,0,0,0,0,0,0,0,0,0,0,0,0,0,0,0.002524,0,0,0,0,0,0,0,0,0,0,16.035201,0,0,0,0,0,0,0,0,0,0,0,0,0.007275,0,0,0,0,0,0,0,0,0,0,0,0,0,0,0,0,0,0,0,0,0,0,0,0,32.571556,0,0,0,0,0,0,0,0,0,0,0,0,0,0,0,0,0,0,0,0,0,0,0,0,0,0,0,0,0,0,0,0,0,0,0,0,0,0,0
2,0,0,0,0,0,0,0.011932,0,0,0,0,0,0,0,0,0,0,0,0,0,0,0,0,0,0,0,0,0,0,0,0.003362,0,0,0,0,0,0,0,0,0,0,0,0,0,0,0,0,0,0,0,0,0.006637,0,0,0,0,0,0,0,0,0,0,0,0,100,0,0,0,0,0,0,0.001354,0,0,0,0,0,0,0,0,0,0,0,0,0,0,0,0,0,0.001842,0,0,0,0,0,0,0,0,0,0,0,0,0,16.014674,0,0.001254,0,0,0,0,0,0,0,0,0,0,0,0,0,0,0,0,0,0,0,0,0,0,0,0,0,0.002272,0,0,0,0,0,0,0,0,0,32.711087,0,0,0,0,0.001576,0,0,0,0,0,0,0,0,0,0,0,0,0,0,0,0,0,0,0,0.003637,0,0,0,0,0,0,0,0,0,0,0,0,0,0.002004
3,0,0,0,0,0,0,0,0,0,0,0,0,0,0,0,0,0,0,0,0,0,0,0,0.012337,0,0,0,0,0,0,0,0,0,0,0,0,0,0,0,0,0,0,0,0.002165,0,0,0,0,0,0,0,0,0,0,0,0,0,0,0,0,0,0,0,0,100,0,0,0,0,0,0,0,0,0,0,0,0,0,0,0,0,0,0,0,0,0.00116,0,0,0,0,0,0,0,0,0,0,0,0.001343,0,0,0,0,0,16.014837,0,0,0,0,0,0,0,0.001427,0,0,0,0,0,0,0,0,0,0,0,0,0,0,0,0,0,0,0,0,0,0,0,0,0,0,0,0,0,32.71353,0,0,0,0,0,0,0,0,0,0,0,0,0,0,0,0,0,0,0,0,0,0,0,0,0,0,0,0,0,0,0,0,0,0.005846,0,0,0,0,0
4,0,0,0,0,0,0,0,0,0,0,0,0,0,0,0,0.005577,0,0,0,0,0,0,0,0,0,0,0,0,0,0,0,0,0,0,0,0,0.010955,0,0,0,0,0,0,0,0,0,0,0,0,0,0,0,0,0,0,0,0,0,0.001242,0,0,0,0,0,100,0,0,0,0,0,0,0,0,0,0,0,0,0,0,0.002021,0,0,0,0,0,0,0,0,0,0,0,0,0,0,0,0,0,0,0,0,0,0.001601,0,16.014674,0,0,0,0,0,0,0,0,0,0,0,0,0,0,0,0.002227,0,0,0,0,0,0,0,0,0,0,0,0,0,0,0,0,0.001393,0,0,0,0,32.711087,0,0,0,0,0,0,0,0,0,0,0.001663,0,0,0,0,0,0,0,0,0,0,0,0,0,0,0,0,0,0,0,0,0,0,0,0,0,0,0,0
5,0,0,0,0,0,0,0.012111,0,0,0,0,0,0,0,0,0,0,0,0,0,0,0,0,0,0,0,0,0,0,0,0.003412,0,0,0,0,0,0,0,0,0,0,0,0,0,0,0,0,0,0,0,0,0.006737,0,0,0,0,0,0,0,0,0,0,0,0,100,0,0,0,0,0,0,0.001374,0,0,0,0,0,0,0,0,0,0,0,0,0,0,0,0,0,0.00187,0,0,0,0,0,0,0,0,0,0,0,0,0,16.055896,0,0.001273,0,0,0,0,0,0,0,0,0,0,0,0,0,0,0,0,0,0,0,0,0,0,0,0,0,0.002306,0,0,0,0,0,0,0,0,0,32.431284,0,0,0,0,0.0016,0,0,0,0,0,0,0,0,0,0,0,0,0,0,0,0,0,0,0,0.003692,0,0,0,0,0,0,0,0,0,0,0,0,0,0.002034
6,0,0,0,0,0,0,0,0,0,0,0,0,0,0,0,0,0,0,0,0,0,0,0,0.012523,0,0,0,0,0,0,0,0,0,0,0,0,0,0,0,0,0,0,0,0.002197,0,0,0,0,0,0,0,0,0,0,0,0,0,0,0,0,0,0,0,0,100,0,0,0,0,0,0,0,0,0,0,0,0,0,0,0,0,0,0,0,0,0.001177,0,0,0,0,0,0,0,0,0,0,0,0.001363,0,0,0,0,0,16.056061,0,0,0,0,0,0,0,0.001448,0,0,0,0,0,0,0,0,0,0,0,0,0,0,0,0,0,0,0,0,0,0,0,0,0,0,0,0,0,32.433772,0,0,0,0,0,0,0,0,0,0,0,0,0,0,0,0,0,0,0,0,0,0,0,0,0,0,0,0,0,0,0,0,0,0.005934,0,0,0,0,0
7,0,0,0,0,0,0,0,0,0,0,0,0,0,0,0,0.005661,0,0,0,0,0,0,0,0,0,0,0,0,0,0,0,0,0,0,0,0,0.011119,0,0,0,0,0,0,0,0,0,0,0,0,0,0,0,0,0,0,0,0,0,0.001261,0,0,0,0,0,100,0,0,0,0,0,0,0,0,0,0,0,0,0,0,0.002052,0,0,0,0,0,0,0,0,0,0,0,0,0,0,0,0,0,0,0,0,0,0.001625,0,16.055896,0,0,0,0,0,0,0,0,0,0,0,0,0,0,0,0.00226,0,0,0,0,0,0,0,0,0,0,0,0,0,0,0,0,0.001414,0,0,0,0,32.431284,0,0,0,0,0,0,0,0,0,0,0.001688,0,0,0,0,0,0,0,0,0,0,0,0,0,0,0,0,0,0,0,0,0,0,0,0,0,0,0,0
8,0,0,0,0.014036,0,0,0,0,0,0,0,0,0,0,0,0,0,0.002833,0,0,0,0,0,0,0,0,0,0,0,0,0,0,0,0,0,0,0,0.001514,0,0,0,0,0,0,0,0,0,0,0,0.001993,0,0,0,0,0.003405,0,0,0,0,0,0,0,0,0,100,0,0,0,0,0,0,0,0,0,0,0,0,0,0,0,0,0,0,0,0,0,0,0,0,0,0,0,0,0,0,0,0,0,0,0,0,0,0,16.004472,0,0,0,0,0,0,0,0,0,0,0,0,0,0,0,0,0,0,0,0,0,0,0,0,0,0,0,0,0,0,0,0,0,0,0,0,0,32.780576,0,0,0.001077,0,0,0,0,0,0,0,0,0,0.001415,0,0,0,0,0,0,0,0,0,0,0,0,0,0,0,0.00159,0,0,0,0,0,0,0,0,0.001116,0
9,0,0,0,0,0,0,0,0,0,0,0,0,0.003665,0,0,0,0,0.002833,0,0,0,0,0,0,0,0,0,0,0.003814,0,0,0,0,0,0,0,0,0,0,0,0,0,0,0,0,0.001157,0,0,0,0.001993,0,0,0,0,0,0,0,0,0,0,0,0.001221,0,0,100,0,0,0,0,0,0,0,0,0,0,0,0,0,0,0,0,0,0,0,0,0,0,0,0,0,0,0,0,0,0,0,0,0,0,0,0,0,0,16.004472,0,0,0,0,0,0,0,0,0,0,0,0,0,0,0,0,0,0,0,0,0,0,0,0,0,0,0,0,0,0,0,0,0,0,0,0,0,32.780576,0,0,0,0,0,0,0,0,0,0,0,0,0.001415,0,0,0,0,0,0,0,0,0,0,0.001525,0,0,0,0,0,0,0,0,0,0,0,0,0,0.001116,0
10,0,0,0,0,0,0,0,0,0.005777,0,0,0,0,0,0,0,0,0,0,0,0,0,0,0,0,0,0,0,0,0,0,0,0,0.005117,0,0,0,0,0,0,0,0.005321,0,0,0,0,0,0,0,0,0,0,0,0,0,0,0,0,0,0,0,0,0,0,100,0,0,0,0,0,0,0,0,0.001827,0,0,0,0,0,0,0,0,0,0,0,0,0,0,0,0,0,0,0,0,0,0,0,0,0,0,0,0,0,16.004472,0,0,0,0,0,0,0,0,0,0,0,0,0.001799,0,0,0,0,0,0.001311,0,0,0,0,0,0,0,0,0,0,0,0,0,0,0,0,0,0,32.780576,0,0,0,0,0,0.001112,0,0,0,0,0,0,0,0,0,0,0,0,0,0,0,0,0,0,0,0,0,0,0,0,0,0.003239,0,0,0,0,0,0,0
11,0,0,0,0,0,0,0,0,0,0,0,0,0,0,0,0,0,0.002833,0,0,0,0.004815,0,0,0,0,0,0,0,0,0,0,0,0,0,0,0,0.003028,0,0,0,0,0,0,0,0,0,0,0,0.001993,0,0,0,0,0.001703,0,0,0,0,0,0,0,0,0,100,0,0,0,0,0,0,0,0,0,0,0,0,0,0,0,0,0,0,0,0,0,0,0,0,0,0,0,0,0,0,0,0,0,0,0,0,0,0,16.004472,0,0,0,0,0,0,0,0,0,0,0,0,0,0,0,0,0,0,0,0,0,0,0,0,0,0,0,0,0.001116,0,0,0,0,0,0,0,0,32.780576,0,0,0,0,0,0,0,0,0,0,0,0,0.001415,0,0,0,0,0,0,0,0,0,0,0,0,0,0,0,0,0,0,0,0,0,0,0,0,0.001116,0
12,0,0,0,0,0,0,0,0,0,0,0,0,0,0,0,0,0,0,0,0,0,0,0,0,0,0.008518,0,0,0,0,0,0,0,0.005117,0,0,0,0,0,0,0,0,0,0,0,0,0,0,0,0,0,0,0,0,0,0,0,0,0,0,0,0,0,0,100,0,0,0,0,0,0,0,0,0,0,0,0,0,0,0,0,0,0,0,0,0,0,0.002373,0,0,0,0,0,0,0,0,0,0,0,0,0,0,0,16.004472,0,0,0,0,0,0,0,0,0,0.001646,0,0,0.001799,0,0,0,0,0,0,0,0,0,0,0,0,0,0,0,0,0,0,0,0,0,0,0,0,32.780576,0,0,0,0,0,0,0,0,0,0,0,0,0,0,0,0,0,0,0,0.003973,0,0,0,0,0,0,0,0,0,0,0,0,0,0,0,0,0,0,0
13,0,0,0,0.028386,0,0,0,0,0,0,0,0,0,0,0,0,0,0,0,0,0,0,0,0,0,0,0,0,0,0,0,0,0,0,0,0,0,0.003062,0,0,0,0,0,0,0,0,0,0,0,0,0,0,0,0,0.006886,0,0,0,0,0,0,0,0,0,100,0,0,0,0.001752,0,0,0,0,0,0,0,0,0,0,0,0,0,0,0.001839,0,0,0,0,0,0,0,0,0,0,0,0,0,0,0,0,0,0,0,16.035201,0,0,0,0,0,0,0.001063,0,0,0,0,0,0,0,0,0,0.001268,0,0,0,0,0,0,0,0,0,0,0,0.001505,0,0,0,0,0,0,0,0,32.571556,0,0,0.002178,0,0,0,0,0,0,0,0,0,0,0,0,0.001959,0,0,0,0,0,0,0,0,0,0,0,0,0.003215,0,0,0,0,0,0,0,0,0,0
14,0,0,0,0,0,0,0,0,0,0,0,0,0.007411,0,0,0,0,0,0,0,0,0,0,0,0,0,0,0,0.007714,0,0,0,0,0,0,0,0,0,0,0,0,0,0,0,0,0.00234,0,0,0,0,0,0,0,0,0,0,0,0,0,0,0,0.002469,0,0,100,0,0,0,0,0,0,0,0,0,0,0,0,0.001879,0,0,0,0,0,0,0,0,0,0,0,0,0,0,0,0,0,0,0,0,0,0,0,0,0,16.035201,0,0,0,0,0,0,0,0,0,0,0,0,0,0,0,0,0,0,0,0,0,0.001731,0,0,0,0,0,0,0,0,0,0,0,0,0,0.001625,0,32.571556,0,0,0,0,0,0,0,0,0,0,0,0,0,0,0,0,0,0,0,0,0,0,0,0.003084,0,0,0,0,0,0,0,0,0,0,0.001666,0,0,0,0
15,0,0,0,0,0,0,0,0,0.011684,0,0,0,0,0,0,0,0,0,0,0,0,0,0,0,0,0,0,0,0,0,0,0,0,0,0,0,0,0,0,0,0,0.010761,0,0,0,0,0,0,0,0,0,0,0,0,0,0,0,0,0,0,0,0,0,0,100,0,0,0,0,0,0,0,0,0.003696,0,0,0,0,0,0,0,0,0,0,0,0,0,0,0,0,0,0,0,0,0,0,0.00106,0,0,0,0,0,0,16.035201,0,0,0.001908,0,0,0,0,0,0,0,0,0,0,0,0,0,0,0,0.002651,0,0,0,0,0,0,0,0,0,0,0,0,0,0,0,0,0,0,32.571556,0,0,0,0,0,0.002249,0,0,0,0,0,0,0,0,0,0,0,0,0,0,0,0,0,0,0,0,0,0,0,0,0,0.00655,0,0,0,0,0,0,0
16,0,0,0,0,0,0,0,0,0,0,0,0,0,0,0,0,0,0,0,0,0,0.009738,0,0,0,0,0,0,0,0,0,0,0,0,0,0,0,0.006123,0,0,0,0,0,0,0,0,0,0,0,0,0,0,0,0,0.003443,0,0,0,0,0,0,0,0,0,100,0,0,0,0.001752,0,0,0,0,0,0,0,0,0,0,0,0,0,0,0,0,0,0,0,0,0,0,0,0,0,0.001147,0,0,0,0,0,0,0,0,16.035201,0.001395,0,0,0,0,0,0.001595,0,0,0,0,0,0,0,0,0,0,0,0,0,0,0,0,0,0,0,0,0,0.002257,0,0,0,0,0,0,0,0,32.571556,0,0,0.001742,0,0,0,0,0,0,0,0,0,0,0,0,0,0,0,0,0,0,0,0,0,0,0,0,0,0.001072,0,0,0,0,0,0,0,0,0,0
17,0,0,0,0,0,0,0,0,0,0,0,0,0,0,0,0,0,0,0,0,0,0,0,0,0,0.017227,0,0,0,0,0,0,0,0,0,0,0,0,0,0,0,0,0,0,0,0,0,0,0,0,0,0,0,0,0,0,0,0,0,0,0,0,0,0,100,0,0,0,0,0,0,0,0,0,0,0,0,0,0,0,0,0,0,0,0,0,0,0.0048,0,0,0,0,0,0,0,0,0,0,0,0,0,0,0,16.035201,0,0,0,0,0,0,0,0,0,0.003328,0,0,0,0,0,0,0,0,0,0,0,0,0,0,0,0,0,0,0,0,0,0,0,0,0,0,0,32.571556,0,0,0,0,0,0,0,0,0,0,0,0,0,0,0,0,0,0,0,0.008035,0,0,0,0,0,0,0,0,0,0,0,0,0,0,0,0,0,0,0
18,0,0,0,0.014353,0,0,0,0,0,0,0,0,0,0,0,0,0,0.002897,0,0,0,0,0,0,0,0,0,0,0,0,0,0,0,0,0,0,0,0.001548,0,0,0,0,0,0,0,0,0,0,0,0.002038,0,0,0,0,0.003482,0,0,0,0,0,0,0,0,0,100,0,0,0,0,0,0,0,0,0,0,0,0,0,0,0,0,0,0,0,0,0,0,0,0,0,0,0,0,0,0,0,0,0,0,0,0,0,0,16.066306,0,0,0,0,0,0,0,0,0,0,0,0,0,0,0,0,0,0,0,0,0,0,0,0,0,0,0,0,0,0,0,0,0,0,0,0,0,32.360868,0,0,0.001101,0,0,0,0,0,0,0,0,0,0.001447,0,0,0,0,0,0,0,0,0,0,0,0,0,0,0,0.001626,0,0,0,0,0,0,0,0,0.001141,0
19,0,0,0,0,0,0,0,0,0,0,0,0,0.003747,0,0,0,0,0.002897,0,0,0,0,0,0,0,0,0,0,0.003901,0,0,0,0,0,0,0,0,0,0,0,0,0,0,0,0,0.001183,0,0,0,0.002038,0,0,0,0,0,0,0,0,0,0,0,0.001248,0,0,100,0,0,0,0,0,0,0,0,0,0,0,0,0,0,0,0,0,0,0,0,0,0,0,0,0,0,0,0,0,0,0,0,0,0,0,0,0,0,16.066306,0,0,0,0,0,0,0,0,0,0,0,0,0,0,0,0,0,0,0,0,0,0,0,0,0,0,0,0,0,0,0,0,0,0,0,0,0,32.360868,0,0,0,0,0,0,0,0,0,0,0,0,0.001447,0,0,0,0,0,0,0,0,0,0,0.001559,0,0,0,0,0,0,0,0,0,0,0,0,0,0.001141,0
20,0,0,0,0,0,0,0,0,0.005908,0,0,0,0,0,0,0,0,0,0,0,0,0,0,0,0,0,0,0,0,0,0,0,0,0.005233,0,0,0,0,0,0,0,0.005441,0,0,0,0,0,0,0,0,0,0,0,0,0,0,0,0,0,0,0,0,0,0,100,0,0,0,0,0,0,0,0,0.001869,0,0,0,0,0,0,0,0,0,0,0,0,0,0,0,0,0,0,0,0,0,0,0,0,0,0,0,0,0,16.066306,0,0,0,0,0,0,0,0,0,0,0,0,0.001839,0,0,0,0,0,0.001341,0,0,0,0,0,0,0,0,0,0,0,0,0,0,0,0,0,0,32.360868,0,0,0,0,0,0.001137,0,0,0,0,0,0,0,0,0,0,0,0,0,0,0,0,0,0,0,0,0,0,0,0,0,0.003312,0,0,0,0,0,0,0
21,0,0,0,0,0,0,0,0,0,0,0,0,0,0,0,0,0,0.002897,0,0,0,0.004924,0,0,0,0,0,0,0,0,0,0,0,0,0,0,0,0.003096,0,0,0,0,0,0,0,0,0,0,0,0.002038,0,0,0,0,0.001741,0,0,0,0,0,0,0,0,0,100,0,0,0,0,0,0,0,0,0,0,0,0,0,0,0,0,0,0,0,0,0,0,0,0,0,0,0,0,0,0,0,0,0,0,0,0,0,0,16.066306,0,0,0,0,0,0,0,0,0,0,0,0,0,0,0,0,0,0,0,0,0,0,0,0,0,0,0,0,0.001141,0,0,0,0,0,0,0,0,32.360868,0,0,0,0,0,0,0,0,0,0,0,0,0.001447,0,0,0,0,0,0,0,0,0,0,0,0,0,0,0,0,0,0,0,0,0,0,0,0,0.001141,0
22,0,0,0,0,0,0,0,0,0,0,0,0,0,0,0,0,0,0,0,0,0,0,0,0,0,0.008711,0,0,0,0,0,0,0,0.005233,0,0,0,0,0,0,0,0,0,0,0,0,0,0,0,0,0,0,0,0,0,0,0,0,0,0,0,0,0,0,100,0,0,0,0,0,0,0,0,0,0,0,0,0,0,0,0,0,0,0,0,0,0,0.002427,0,0,0,0,0,0,0,0,0,0,0,0,0,0,0,16.066306,0,0,0,0,0,0,0,0,0,0.001683,0,0,0.001839,0,0,0,0,0,0,0,0,0,0,0,0,0,0,0,0,0,0,0,0,0,0,0,0,32.360868,0,0,0,0,0,0,0,0,0,0,0,0,0,0,0,0,0,0,0,0.004063,0,0,0,0,0,0,0,0,0,0,0,0,0,0,0,0,0,0,0
23,0,0,0,0,0,0,0,0,0,0,0,0,0,0,0,0,0,0.0085,0,0,0,0,0,0,0,0,0,0,0,0,0,0,0,0,0,0,0,0,0,0,0,0,0,0,0,0,0,0,0,0.005979,0,0,0,0,0,0,0,0,0,0,0,0,0,0,100,0,0,0,0,0,0,0,0,0,0,0,0,0,0,0,0,0.001585,0,0,0,0,0,0,0,0,0,0,0,0,0,0,0,0,0.001411,0,0,0,0,16.004472,0,0,0,0,0.001136,0,0,0,0,0,0,0,0,0,0,0,0,0,0,0,0,0,0,0,0,0.001071,0,0,0,0,0,0,0,0,0,0,0,32.780576,0,0,0,0,0,0,0,0,0,0,0,0,0.004245,0,0,0,0,0,0,0,0,0,0,0,0,0,0,0,0,0,0,0,0,0,0,0,0,0.003347,0
24,0,0,0,0,0,0,0,0,0,0,0,0,0,0,0,0,0,0.008692,0,0,0,0,0,0,0,0,0,0,0,0,0,0,0,0,0,0,0,0,0,0,0,0,0,0,0,0,0,0,0,0.006114,0,0,0,0,0,0,0,0,0,0,0,0,0,0,100,0,0,0,0,0,0,0,0,0,0,0,0,0,0,0,0,0.001621,0,0,0,0,0,0,0,0,0,0,0,0,0,0,0,0,0.001443,0,0,0,0,16.066306,0,0,0,0,0.001162,0,0,0,0,0,0,0,0,0,0,0,0,0,0,0,0,0,0,0,0,0.001096,0,0,0,0,0,0,0,0,0,0,0,32.360868,0,0,0,0,0,0,0,0,0,0,0,0,0.004341,0,0,0,0,0,0,0,0,0,0,0,0,0,0,0,0,0,0,0,0,0,0,0,0,0.003422,0
25,0,0,0,0,0,0,0,0,0,0,0,0,0,0,0,0,0,0.005667,0,0,0,0,0,0,0,0,0,0,0,0,0,0,0,0.005117,0,0,0,0,0,0,0,0,0,0,0,0,0,0,0,0.003986,0,0,0,0,0,0,0,0,0,0,0,0,0,0,100,0,0,0,0,0,0,0,0,0,0,0,0,0,0,0,0,0.001057,0,0,0,0,0,0,0,0,0,0,0,0,0,0,0,0,0,0,0,0,0,16.004472,0,0,0,0,0,0,0,0,0,0,0,0,0.001799,0,0,0,0,0,0,0,0,0,0,0,0,0,0,0,0,0,0,0,0,0,0,0,0,32.780576,0,0,0,0,0,0,0,0,0,0,0,0,0.00283,0,0,0,0,0,0,0,0,0,0,0,0,0,0,0,0,0,0,0,0,0,0,0,0,0.002231,0
26,0,0,0,0,0,0,0,0,0,0,0,0,0,0,0,0,0,0.005795,0,0,0,0,0,0,0,0,0,0,0,0,0,0,0,0.005233,0,0,0,0,0,0,0,0,0,0,0,0,0,0,0,0.004076,0,0,0,0,0,0,0,0,0,0,0,0,0,0,100,0,0,0,0,0,0,0,0,0,0,0,0,0,0,0,0,0.00108,0,0,0,0,0,0,0,0,0,0,0,0,0,0,0,0,0,0,0,0,0,16.066306,0,0,0,0,0,0,0,0,0,0,0,0,0.001839,0,0,0,0,0,0,0,0,0,0,0,0,0,0,0,0,0,0,0,0,0,0,0,0,32.360868,0,0,0,0,0,0,0,0,0,0,0,0,0.002894,0,0,0,0,0,0,0,0,0,0,0,0,0,0,0,0,0,0,0,0,0,0,0,0,0.002282,0
27,0,0.015736,0,0,0,0,0,0,0,0,0.002765,0,0,0,0,0,0,0,0,0,0,0,0,0,0.001398,0,0,0,0,0,0,0,0,0,0,0,0,0,0,0,0,0,0,0,0,0,0,0,0,0,0.002483,0,0,0,0,0.002024,0,0,0,0,0,0,0,0,100,0,0,0,0,0,0,0,0,0,0,0,0,0,0,0,0,0,0,0,0,0,0,0,0,0,0,0,0,0,0,0,0,0,0,0,0,0,0,15.99837,0,0,0,0,0,0,0,0,0,0,0,0,0,0,0,0,0,0,0,0,0,0,0,0,0,0,0,0,0,0,0,0,0,0,0,0,0,32.822181,0,0,0,0,0,0,0,0,0,0,0,0,0,0,0,0,0,0,0,0,0,0,0,0,0,0,0,0,0.001014,0,0,0,0.001385,0,0,0,0,0,0
28,0,0,0,0,0,0,0,0.003879,0,0,0,0,0,0,0,0,0,0,0,0.003321,0,0,0,0,0,0,0,0,0,0,0,0,0.00113,0,0.002099,0,0,0,0,0,0,0,0,0,0,0,0,0,0,0,0,0,0,0,0,0,0,0,0,0,0,0,0,0,100,0,0,0,0,0,0,0,0,0,0,0,0,0,0,0,0,0,0,0,0,0,0,0,0,0,0,0,0,0,0,0,0,0,0,0,0,0,0,15.99837,0,0,0,0,0,0,0,0,0,0,0,0,0,0,0,0,0,0,0,0,0,0,0,0,0,0,0,0,0,0,0,0,0,0,0,0,0,32.822181,0,0,0,0,0,0,0,0,0,0,0,0,0,0,0,0,0,0,0,0,0,0,0,0,0,0,0,0,0,0,0,0,0,0,0,0,0.001061,0,0
29,0,0,0,0,0.006511,0,0,0,0,0,0,0,0,0,0,0,0,0,0,0,0,0,0.001513,0,0,0,0,0,0,0,0,0,0,0,0.004198,0,0,0,0,0,0,0,0,0,0.003006,0,0,0,0,0,0,0,0,0,0,0,0,0,0,0,0,0,0,0,100,0,0,0,0,0.001055,0,0,0,0,0,0,0,0,0,0,0,0,0,0,0,0,0,0,0,0,0,0,0,0,0,0,0,0,0,0,0,0,0,15.99837,0,0,0,0,0,0,0,0,0,0,0,0,0,0,0,0,0,0,0,0,0,0,0,0,0,0,0,0,0,0,0,0,0,0,0,0,0,32.822181,0,0,0,0,0,0,0,0,0,0,0,0,0,0,0,0,0,0,0,0,0,0,0,0,0,0,0.001318,0,0,0,0,0,0,0,0,0,0,0,0
30,0,0,0,0,0,0,0,0,0,0,0,0,0,0,0,0,0.00187,0,0,0,0,0,0,0,0.004194,0,0,0,0,0.003638,0,0,0,0,0,0,0,0,0,0,0,0,0,0,0,0,0,0,0,0,0.001862,0,0,0,0,0,0,0,0,0,0,0,0,0,100,0,0,0,0,0,0,0,0,0,0,0,0,0,0,0,0.001038,0,0,0,0,0,0,0,0,0,0,0,0,0,0,0,0,0,0,0,0,0,0,15.99837,0,0,0,0,0,0,0,0,0,0,0,0,0,0,0,0,0,0,0,0,0,0,0,0,0,0,0,0,0,0,0,0,0,0,0,0,0,32.822181,0,0,0,0,0,0,0,0,0,0,0,0,0,0,0,0,0,0,0,0,0,0,0,0,0,0,0,0,0,0,0,0,0.001038,0,0,0,0,0,0
31,0,0.041566,0,0,0,0,0,0,0,0,0.001066,0,0,0,0,0,0,0,0,0,0,0,0,0,0,0,0,0,0,0,0,0,0,0,0,0,0,0,0,0,0,0,0.002172,0,0,0,0,0,0,0,0,0,0,0,0,0.005347,0,0,0,0,0,0,0,0,100,0,0.001554,0,0,0,0,0,0,0,0,0,0,0,0,0,0.001827,0,0,0,0,0,0,0,0,0,0,0,0,0,0,0,0,0,0,0,0,0,0,16.022865,0,0,0,0,0,0,0,0,0,0,0,0.001453,0,0,0,0,0,0,0,0,0,0,0,0,0,0,0,0,0,0,0.001277,0,0,0,0,0,0,32.655363,0,0.001436,0,0,0,0,0,0,0,0,0,0.00198,0,0,0,0,0,0,0,0,0,0,0,0,0,0,0,0,0,0,0,0,0.003657,0,0,0,0,0,0
32,0,0,0,0,0,0,0,0.010246,0,0,0,0,0,0,0,0,0,0,0,0.00128,0,0,0,0,0,0,0,0,0,0,0,0,0,0,0.005544,0,0,0,0,0,0,0,0,0,0,0,0,0.001808,0,0,0,0,0,0,0,0,0,0,0,0,0.002159,0,0,0,100,0,0,0,0,0,0,0,0.00125,0,0,0,0,0,0,0,0,0,0,0,0.00113,0,0,0,0,0,0,0,0,0,0,0,0,0,0,0,0,0,0,16.022865,0,0,0,0,0,0,0,0,0,0,0,0,0,0.001026,0,0,0,0,0,0,0,0,0,0,0,0,0,0,0,0,0,0,0,0,0.002347,0,0,32.655363,0,0,0,0,0,0,0,0,0,0,0,0,0,0,0,0,0.002049,0,0,0,0,0,0,0,0,0,0,0,0,0,0,0,0,0,0,0,0.002802,0,0
33,0,0,0,0,0.017199,0,0,0,0,0,0,0,0,0,0,0,0,0,0,0,0,0,0,0,0,0,0,0,0,0,0,0,0,0,0.001618,0,0,0,0,0,0,0,0,0,0.007941,0,0,0,0,0,0,0,0,0,0,0,0,0,0,0,0,0,0,0,100,0,0,0,0,0.002786,0,0,0,0,0,0,0,0,0,0,0,0,0,0,0,0,0,0,0,0,0,0.001089,0,0,0,0,0,0,0,0,0,0,0,16.022865,0,0,0,0,0,0,0,0,0,0,0,0,0,0,0,0,0,0,0,0,0.002298,0,0,0,0,0,0,0,0,0,0,0,0,0,0,0,0,32.655363,0,0,0,0,0,0,0,0,0,0,0,0,0,0.001612,0,0,0,0,0,0,0,0,0,0,0,0,0.003481,0,0,0,0,0,0,0,0,0,0,0,0
34,0,0,0,0,0,0,0,0,0,0,0,0,0,0,0,0,0,0,0,0,0,0,0,0,0.011077,0,0,0,0,0.001402,0,0,0,0,0,0,0,0,0,0,0,0,0,0,0,0,0,0,0,0,0.004919,0,0,0,0,0,0,0,0,0,0,0,0,0,100,0,0,0,0,0,0,0,0,0,0,0,0,0,0,0,0,0,0,0,0,0,0.001034,0,0,0,0,0,0,0,0,0,0,0,0,0,0,0,0.001135,16.022865,0,0,0,0,0,0,0,0,0.001374,0,0,0,0,0,0,0,0,0,0,0,0,0,0,0,0,0,0.001819,0,0,0,0,0,0,0,0,0,0,32.655363,0,0,0,0,0,0,0,0.00229,0,0,0,0,0,0,0,0,0,0,0,0,0,0,0,0,0,0,0,0,0.00134,0,0,0,0,0,0,0,0,0,0
35,0,0.006064,0,0,0,0,0,0,0,0,0.007304,0,0,0,0,0,0,0,0,0,0,0,0,0,0.003692,0,0,0,0,0,0,0,0,0,0,0,0,0,0,0,0,0,0,0,0,0,0,0,0,0,0.006559,0,0,0,0,0,0,0,0,0,0,0,0,0,100,0,0,0,0,0,0,0,0,0,0,0.001123,0,0,0,0,0,0,0,0,0,0,0,0,0,0,0,0,0,0,0,0,0,0,0,0,0,0,0,16.022865,0,0,0,0,0,0,0,0,0,0,0,0,0,0,0,0,0,0,0,0,0,0,0,0,0,0,0.001213,0,0,0,0,0,0,0,0,0,0,32.655363,0,0,0,0,0,0,0,0.001527,0,0,0,0,0,0,0,0,0,0.001666,0,0,0,0,0,0,0,0,0,0,0.002679,0,0,0,0,0,0,0,0,0,0
36,0,0,0,0,0,0,0,0.001495,0,0,0,0,0,0,0,0,0,0,0,0.008772,0,0,0,0,0,0,0,0,0,0,0,0,0.002984,0,0,0,0,0,0,0,0,0,0,0,0.001985,0,0,0,0,0,0,0,0,0,0,0,0,0.001202,0,0,0,0,0,0,100,0,0,0,0,0.002089,0,0,0,0,0,0,0,0,0,0,0,0,0,0,0,0,0,0,0,0,0,0.001089,0,0,0,0,0,0,0,0,0,0,0,16.022865,0,0,0,0,0,0,0,0,0,0,0,0,0,0,0,0,0,0,0,0,0.001436,0,0,0,0,0,0,0,0,0,0,0,0,0,0,0,0,32.655363,0,0,0,0.001467,0,0,0,0,0,0,0,0,0,0.001209,0,0,0,0,0,0,0,0,0,0,0,0,0.00174,0,0,0,0,0,0,0,0,0,0,0,0
37,0,0,0,0,0.002509,0,0,0,0,0,0,0,0,0,0,0,0,0,0,0,0,0,0.003996,0,0,0,0,0,0,0,0,0,0,0,0.011089,0,0,0,0,0,0,0,0,0,0.001159,0,0,0.001808,0,0,0,0,0,0,0,0,0,0,0,0,0,0,0,0,100,0,0,0,0,0,0,0,0,0,0,0,0,0,0,0,0,0,0,0,0.001507,0,0,0,0,0,0,0,0,0,0,0,0,0,0,0,0,0,0,16.022865,0,0,0,0,0,0,0,0,0,0,0,0,0,0.002052,0,0,0,0,0,0,0,0,0,0.001181,0,0,0,0,0,0,0,0,0,0,0.001341,0,0,32.655363,0,0,0,0,0,0,0,0,0,0,0,0,0,0,0,0,0,0,0,0,0,0,0,0,0,0,0,0,0,0,0,0,0,0,0,0,0,0,0
38,0,0,0,0,0,0,0,0,0,0,0,0,0,0,0,0,0.004939,0,0,0,0,0,0,0,0.001616,0,0,0,0,0.009609,0,0,0,0,0,0,0,0,0,0,0,0,0,0,0,0,0,0,0,0,0,0,0,0,0,0,0,0,0,0,0,0,0,0,100,0,0,0,0,0,0,0,0,0,0,0,0,0,0,0,0.002741,0,0,0,0,0,0,0,0,0,0,0,0,0,0,0,0,0,0,0,0,0,0,16.022865,0,0,0,0,0,0,0,0,0,0,0,0.001453,0,0,0,0,0,0,0,0,0,0,0,0,0,0,0,0,0,0,0,0,0,0,0,0,0,32.655363,0,0.001077,0,0,0,0,0,0,0,0,0,0.002376,0,0,0,0,0,0,0,0,0,0,0,0,0,0,0,0,0,0,0,0,0.002743,0,0,0,0,0,0
39,0,0.041939,0,0,0,0,0,0,0,0,0.001075,0,0,0,0,0,0,0,0,0,0,0,0,0,0,0,0,0,0,0,0,0,0,0,0,0,0,0,0,0,0,0,0.002191,0,0,0,0,0,0,0,0,0,0,0,0,0.005395,0,0,0,0,0,0,0,0,100,0,0.001568,0,0,0,0,0,0,0,0,0,0,0,0,0,0.001843,0,0,0,0,0,0,0,0,0,0,0,0,0,0,0,0,0,0,0,0,0,0,16.047598,0,0,0,0,0,0,0,0,0,0,0,0.001466,0,0,0,0,0,0,0,0,0,0,0,0,0,0,0,0,0,0,0.001289,0,0,0,0,0,0,32.487482,0,0.001449,0,0,0,0,0,0,0,0,0,0.001998,0,0,0,0,0,0,0,0,0,0,0,0,0,0,0,0,0,0,0,0,0.00369,0,0,0,0,0,0
40,0,0,0,0,0,0,0,0.010338,0,0,0,0,0,0,0,0,0,0,0,0.001291,0,0,0,0,0,0,0,0,0,0,0,0,0,0,0.005594,0,0,0,0,0,0,0,0,0,0,0,0,0.001824,0,0,0,0,0,0,0,0,0,0,0,0,0.002179,0,0,0,100,0,0,0,0,0,0,0,0.001261,0,0,0,0,0,0,0,0,0,0,0,0.001141,0,0,0,0,0,0,0,0,0,0,0,0,0,0,0,0,0,0,16.047598,0,0,0,0,0,0,0,0,0,0,0,0,0,0.001035,0,0,0,0,0,0,0,0,0,0,0,0,0,0,0,0,0,0,0,0,0.002369,0,0,32.487482,0,0,0,0,0,0,0,0,0,0,0,0,0,0,0,0,0.002068,0,0,0,0,0,0,0,0,0,0,0,0,0,0,0,0,0,0,0,0.002827,0,0
41,0,0,0,0,0.017354,0,0,0,0,0,0,0,0,0,0,0,0,0,0,0,0,0,0,0,0,0,0,0,0,0,0,0,0,0,0.001632,0,0,0,0,0,0,0,0,0,0.008013,0,0,0,0,0,0,0,0,0,0,0,0,0,0,0,0,0,0,0,100,0,0,0,0,0.002811,0,0,0,0,0,0,0,0,0,0,0,0,0,0,0,0,0,0,0,0,0,0.001099,0,0,0,0,0,0,0,0,0,0,0,16.047598,0,0,0,0,0,0,0,0,0,0,0,0,0,0,0,0,0,0,0,0,0.002318,0,0,0,0,0,0,0,0,0,0,0,0,0,0,0,0,32.487482,0,0,0,0,0,0,0,0,0,0,0,0,0,0.001627,0,0,0,0,0,0,0,0,0,0,0,0,0.003512,0,0,0,0,0,0,0,0,0,0,0,0
42,0,0,0,0,0,0,0,0,0,0,0,0,0,0,0,0,0,0,0,0,0,0,0,0,0.011177,0,0,0,0,0.001414,0,0,0,0,0,0,0,0,0,0,0,0,0,0,0,0,0,0,0,0,0.004964,0,0,0,0,0,0,0,0,0,0,0,0,0,100,0,0,0,0,0,0,0,0,0,0,0,0,0,0,0,0,0,0,0,0,0,0.001043,0,0,0,0,0,0,0,0,0,0,0,0,0,0,0,0.001146,16.047598,0,0,0,0,0,0,0,0,0.001386,0,0,0,0,0,0,0,0,0,0,0,0,0,0,0,0,0,0.001836,0,0,0,0,0,0,0,0,0,0,32.487482,0,0,0,0,0,0,0,0.002311,0,0,0,0,0,0,0,0,0,0,0,0,0,0,0,0,0,0,0,0,0.001352,0,0,0,0,0,0,0,0,0,0
43,0,0.006119,0,0,0,0,0,0,0,0,0.00737,0,0,0,0,0,0,0,0,0,0,0,0,0,0.003726,0,0,0,0,0,0,0,0,0,0,0,0,0,0,0,0,0,0,0,0,0,0,0,0,0,0.006618,0,0,0,0,0,0,0,0,0,0,0,0,0,100,0,0,0,0,0,0,0,0,0,0,0.001133,0,0,0,0,0,0,0,0,0,0,0,0,0,0,0,0,0,0,0,0,0,0,0,0,0,0,0,16.047598,0,0,0,0,0,0,0,0,0,0,0,0,0,0,0,0,0,0,0,0,0,0,0,0,0,0,0.001224,0,0,0,0,0,0,0,0,0,0,32.487482,0,0,0,0,0,0,0,0.00154,0,0,0,0,0,0,0,0,0,0.001681,0,0,0,0,0,0,0,0,0,0,0.002703,0,0,0,0,0,0,0,0,0,0
44,0,0,0,0,0,0,0,0.001508,0,0,0,0,0,0,0,0,0,0,0,0.008851,0,0,0,0,0,0,0,0,0,0,0,0,0.00301,0,0,0,0,0,0,0,0,0,0,0,0.002003,0,0,0,0,0,0,0,0,0,0,0,0,0.001213,0,0,0,0,0,0,100,0,0,0,0,0.002108,0,0,0,0,0,0,0,0,0,0,0,0,0,0,0,0,0,0,0,0,0,0.001099,0,0,0,0,0,0,0,0,0,0,0,16.047598,0,0,0,0,0,0,0,0,0,0,0,0,0,0,0,0,0,0,0,0,0.001449,0,0,0,0,0,0,0,0,0,0,0,0,0,0,0,0,32.487482,0,0,0,0.00148,0,0,0,0,0,0,0,0,0,0.00122,0,0,0,0,0,0,0,0,0,0,0,0,0.001756,0,0,0,0,0,0,0,0,0,0,0,0
45,0,0,0,0,0.002532,0,0,0,0,0,0,0,0,0,0,0,0,0,0,0,0,0,0.004032,0,0,0,0,0,0,0,0,0,0,0,0.011188,0,0,0,0,0,0,0,0,0,0.001169,0,0,0.001824,0,0,0,0,0,0,0,0,0,0,0,0,0,0,0,0,100,0,0,0,0,0,0,0,0,0,0,0,0,0,0,0,0,0,0,0,0.001521,0,0,0,0,0,0,0,0,0,0,0,0,0,0,0,0,0,0,16.047598,0,0,0,0,0,0,0,0,0,0,0,0,0,0.00207,0,0,0,0,0,0,0,0,0,0.001191,0,0,0,0,0,0,0,0,0,0,0.001353,0,0,32.487482,0,0,0,0,0,0,0,0,0,0,0,0,0,0,0,0,0,0,0,0,0,0,0,0,0,0,0,0,0,0,0,0,0,0,0,0,0,0,0
46,0,0,0,0,0,0,0,0,0,0,0,0,0,0,0,0,0.004983,0,0,0,0,0,0,0,0.001631,0,0,0,0,0.009695,0,0,0,0,0,0,0,0,0,0,0,0,0,0,0,0,0,0,0,0,0,0,0,0,0,0,0,0,0,0,0,0,0,0,100,0,0,0,0,0,0,0,0,0,0,0,0,0,0,0,0.002765,0,0,0,0,0,0,0,0,0,0,0,0,0,0,0,0,0,0,0,0,0,0,16.047598,0,0,0,0,0,0,0,0,0,0,0,0.001466,0,0,0,0,0,0,0,0,0,0,0,0,0,0,0,0,0,0,0,0,0,0,0,0,0,32.487482,0,0.001087,0,0,0,0,0,0,0,0,0,0.002398,0,0,0,0,0,0,0,0,0,0,0,0,0,0,0,0,0,0,0,0,0.002768,0,0,0,0,0,0
47,0,0.016164,0,0,0,0,0,0,0,0,0.00284,0,0,0,0,0,0,0,0,0,0,0,0,0,0.001436,0,0,0,0,0,0,0,0,0,0,0,0,0,0,0,0,0,0,0,0,0,0,0,0,0,0.002551,0,0,0,0,0.002079,0,0,0,0,0,0,0,0,100,0,0,0,0,0,0,0,0,0,0,0,0,0,0,0,0,0,0,0,0,0,0,0,0,0,0,0,0,0,0,0,0,0,0,0,0,0,0,16.072573,0,0,0,0,0,0,0,0,0,0,0,0,0,0,0,0,0,0,0,0,0,0,0,0,0,0,0,0,0,0,0,0,0,0,0,0,0,32.318529,0,0,0,0,0,0,0,0,0,0,0,0,0,0,0,0,0,0,0,0,0,0,0,0,0,0,0,0,0.001042,0,0,0,0.001422,0,0,0,0,0,0
48,0,0,0,0,0,0,0,0.003984,0,0,0,0,0,0,0,0,0,0,0,0.003411,0,0,0,0,0,0,0,0,0,0,0,0,0.00116,0,0.002156,0,0,0,0,0,0,0,0,0,0,0,0,0,0,0,0,0,0,0,0,0,0,0,0,0,0,0,0,0,100,0,0,0,0,0,0,0,0,0,0,0,0,0,0,0,0,0,0,0,0,0,0,0,0,0,0,0,0,0,0,0,0,0,0,0,0,0,0,16.072573,0,0,0,0,0,0,0,0,0,0,0,0,0,0,0,0,0,0,0,0,0,0,0,0,0,0,0,0,0,0,0,0,0,0,0,0,0,32.318529,0,0,0,0,0,0,0,0,0,0,0,0,0,0,0,0,0,0,0,0,0,0,0,0,0,0,0,0,0,0,0,0,0,0,0,0,0.00109,0,0
49,0,0,0,0,0.006688,0,0,0,0,0,0,0,0,0,0,0,0,0,0,0,0,0,0.001554,0,0,0,0,0,0,0,0,0,0,0,0.004312,0,0,0,0,0,0,0,0,0,0.003088,0,0,0,0,0,0,0,0,0,0,0,0,0,0,0,0,0,0,0,100,0,0,0,0,0.001083,0,0,0,0,0,0,0,0,0,0,0,0,0,0,0,0,0,0,0,0,0,0,0,0,0,0,0,0,0,0,0,0,0,16.072573,0,0,0,0,0,0,0,0,0,0,0,0,0,0,0,0,0,0,0,0,0,0,0,0,0,0,0,0,0,0,0,0,0,0,0,0,0,32.318529,0,0,0,0,0,0,0,0,0,0,0,0,0,0,0,0,0,0,0,0,0,0,0,0,0,0,0.001354,0,0,0,0,0,0,0,0,0,0,0,0
50,0,0,0,0,0,0,0,0,0,0,0,0,0,0,0,0,0.001921,0,0,0,0,0,0,0,0.004308,0,0,0,0,0.003737,0,0,0,0,0,0,0,0,0,0,0,0,0,0,0,0,0,0,0,0,0.001913,0,0,0,0,0,0,0,0,0,0,0,0,0,100,0,0,0,0,0,0,0,0,0,0,0,0,0,0,0,0.001066,0,0,0,0,0,0,0,0,0,0,0,0,0,0,0,0,0,0,0,0,0,0,16.072573,0,0,0,0,0,0,0,0,0,0,0,0,0,0,0,0,0,0,0,0,0,0,0,0,0,0,0,0,0,0,0,0,0,0,0,0,0,32.318529,0,0,0,0,0,0,0,0,0,0,0,0,0,0,0,0,0,0,0,0,0,0,0,0,0,0,0,0,0,0,0,0,0.001067,0,0,0,0,0,0
51,0,0,0,0,0,0,0,0,0,0,0,0,0,0,0.004395,0,0,0,0,0,0,0,0,0,0,0,0.002601,0,0,0,0,0,0,0,0,0,0,0,0,0.003583,0,0,0,0,0,0,0,0,0,0,0,0,0.001123,0,0,0,0,0,0,0,0,0,0,0,100,0,0,0,0,0,0,0,0,0,0,0,0,0,0,0,0,0,0,0,0,0,0,0,0,0,0,0,0,0,0,0,0,0,0,0,0,0,0,15.998199,0,0,0,0,0,0,0,0,0,0,0,0,0,0,0,0,0,0,0,0,0,0,0,0,0,0,0,0,0,0,0,0,0,0,0,0,0,32.822598,0,0,0,0,0,0,0,0,0,0,0,0,0,0,0,0,0,0,0,0,0,0.001921,0,0,0,0,0,0,0,0.001027,0,0,0,0,0,0,0,0,0
52,0,0,0,0,0,0,0,0,0,0,0,0,0,0,0.006651,0,0,0,0,0,0,0,0,0,0,0,0.003936,0,0,0,0,0,0,0,0,0,0,0,0,0.005422,0,0,0,0,0,0,0,0,0,0,0,0,0.001699,0,0,0,0,0,0,0,0,0,0,0,100,0,0,0,0,0,0,0,0,0,0,0,0,0,0,0,0,0,0,0,0,0,0,0,0,0,0,0,0,0,0,0,0,0,0,0.001108,0,0,0,16.022605,0,0,0,0.001421,0,0,0,0,0,0,0,0,0,0,0,0,0,0,0,0,0,0,0,0,0,0,0,0,0,0,0,0,0,0,0,0,0,32.655999,0,0,0,0,0,0,0,0,0,0,0,0,0,0,0,0,0,0,0,0,0,0.002907,0,0,0,0,0,0,0,0.001554,0,0,0,0,0,0,0,0,0
53,0,0,0,0,0,0,0,0,0,0,0,0,0,0,0.00671,0,0,0,0,0,0,0,0,0,0,0,0.003972,0,0,0,0,0,0,0,0,0,0,0,0,0.005471,0,0,0,0,0,0,0,0,0,0,0,0,0.001714,0,0,0,0,0,0,0,0,0,0,0,100,0,0,0,0,0,0,0,0,0,0,0,0,0,0,0,0,0,0,0,0,0,0,0,0,0,0,0,0,0,0,0,0,0,0,0.001118,0,0,0,16.047335,0,0,0,0.001434,0,0,0,0,0,0,0,0,0,0,0,0,0,0,0,0,0,0,0,0,0,0,0,0,0,0,0,0,0,0,0,0,0,32.488129,0,0,0,0,0,0,0,0,0,0,0,0,0,0,0,0,0,0,0,0,0,0.002933,0,0,0,0,0,0,0,0.001568,0,0,0,0,0,0,0,0,0
54,0,0,0,0,0,0,0,0,0,0,0,0,0,0,0.004514,0,0,0,0,0,0,0,0,0,0,0,0.002672,0,0,0,0,0,0,0,0,0,0,0,0,0.00368,0,0,0,0,0,0,0,0,0,0,0,0,0.001153,0,0,0,0,0,0,0,0,0,0,0,100,0,0,0,0,0,0,0,0,0,0,0,0,0,0,0,0,0,0,0,0,0,0,0,0,0,0,0,0,0,0,0,0,0,0,0,0,0,0,16.072396,0,0,0,0,0,0,0,0,0,0,0,0,0,0,0,0,0,0,0,0,0,0,0,0,0,0,0,0,0,0,0,0,0,0,0,0,0,32.318968,0,0,0,0,0,0,0,0,0,0,0,0,0,0,0,0,0,0,0,0,0,0.001973,0,0,0,0,0,0,0,0.001054,0,0,0,0,0,0,0,0,0
55,0.01693,0,0,0,0,0,0.002961,0,0,0,0,0,0,0,0,0,0,0.001255,0,0,0,0,0,0,0,0,0,0,0,0,0,0,0,0,0,0,0,0,0,0,0,0,0,0,0,0,0,0,0,0,0,0.001647,0,0,0,0,0.001328,0,0,0,0,0,0,0,100,0,0,0,0,0,0,0,0,0,0,0,0,0,0,0,0,0,0,0,0,0,0,0,0,0,0,0,0,0,0,0,0,0,0,0,0,0,0,15.994311,0,0,0,0,0,0,0,0,0,0,0,0,0,0,0,0,0,0,0,0,0,0,0,0,0,0,0,0,0,0,0,0,0,0,0,0,0,32.849881,0,0,0,0,0,0,0,0,0,0,0,0,0,0,0,0,0,0,0,0,0,0,0,0,0,0,0,0,0,0,0,0,0,0,0,0,0,0,0
56,0,0,0,0,0,0.004282,0,0,0,0,0,0,0,0,0,0,0,0.001255,0,0,0,0,0,0.003062,0,0,0,0,0,0,0,0,0,0,0,0,0,0,0.001286,0,0,0,0,0,0,0,0,0,0,0.001324,0,0,0,0,0,0,0,0,0,0,0,0,0,0,100,0,0,0,0,0,0,0,0,0,0,0,0,0,0,0,0,0,0,0,0,0,0,0,0,0,0,0,0,0,0,0,0,0,0,0,0,0,0,15.994351,0,0,0,0,0,0,0,0,0,0,0,0,0,0,0,0,0,0,0,0,0,0,0,0,0,0,0,0,0,0,0,0,0,0,0,0,0,32.850486,0,0,0,0,0,0,0,0,0,0,0,0,0.001044,0,0,0,0,0,0,0,0,0,0,0,0,0,0,0,0,0,0,0,0,0.001451,0,0,0,0,0
57,0,0,0,0,0,0,0.002961,0,0,0,0,0,0,0.001566,0,0,0,0.001255,0,0,0,0,0,0,0,0,0,0,0,0,0,0,0,0,0,0,0,0,0,0,0,0,0,0,0,0,0,0,0,0,0,0.001647,0,0,0,0,0,0,0,0,0,0,0,0,100,0,0,0,0,0,0,0,0,0,0,0,0,0,0,0,0,0,0,0,0,0,0,0,0,0,0,0,0,0,0,0,0,0,0,0,0,0,0,15.994311,0,0,0,0,0,0,0,0,0,0,0,0,0,0,0,0,0,0,0,0,0,0,0,0,0,0,0,0,0,0,0,0,0,0,0,0,0,32.849881,0,0,0,0,0,0,0,0,0,0,0,0,0,0,0,0,0,0,0,0,0,0,0,0,0,0,0,0,0,0,0,0,0,0,0,0,0,0,0
58,0,0,0.007228,0,0,0,0,0,0,0,0,0,0,0,0,0.001384,0,0,0,0,0,0,0,0,0,0,0,0,0,0,0,0,0,0.002266,0,0,0.002719,0,0,0,0,0,0,0,0,0,0,0,0.001888,0,0,0,0,0,0,0,0,0,0,0,0,0,0,0,100,0,0,0,0,0,0,0,0,0,0,0,0,0,0,0,0,0,0,0,0,0,0,0,0,0,0,0,0,0,0,0,0,0,0,0,0,0,0,15.994311,0,0,0,0,0,0,0,0,0,0,0,0,0,0,0,0,0,0,0,0,0,0,0,0,0,0,0,0,0,0,0,0,0,0,0,0,0,32.849881,0,0,0,0,0,0,0,0,0,0,0,0,0,0,0,0,0,0,0,0,0.001326,0,0,0,0,0,0,0,0,0,0,0,0,0,0,0,0,0,0
59,0,0,0,0,0,0,0,0,0,0.002254,0,0,0,0,0,0.001384,0,0.001255,0,0,0,0,0,0,0,0,0,0,0,0,0,0,0,0,0,0,0.002719,0,0,0,0,0,0.001143,0,0,0,0,0,0,0,0,0,0,0,0,0,0,0,0,0,0,0,0,0,100,0,0,0,0,0,0,0,0,0,0,0,0,0,0,0,0,0,0,0,0,0,0,0,0,0,0,0,0,0,0,0,0,0,0,0,0,0,0,15.994311,0,0,0,0,0,0,0,0,0,0,0,0,0,0,0,0,0,0,0,0,0,0,0,0,0,0,0,0,0,0,0,0,0,0,0,0,0,32.849881,0,0,0,0,0,0,0,0,0,0,0,0,0,0,0,0,0,0,0,0,0,0,0,0,0,0,0,0,0,0,0,0,0,0,0,0,0,0,0
60,0,0,0,0,0,0,0.002961,0,0,0,0,0,0,0,0,0,0,0,0.002316,0,0,0,0,0,0,0,0,0,0,0,0,0,0,0.002266,0,0,0,0,0,0,0.001214,0,0,0,0,0,0,0,0,0,0,0.001647,0,0,0,0,0,0,0,0,0,0,0.001061,0,100,0,0,0,0,0,0,0,0,0,0,0,0,0,0,0,0,0,0,0,0,0,0,0,0,0,0,0,0,0,0,0,0,0,0,0,0,0,0,15.994311,0,0,0,0,0,0,0,0,0,0,0,0,0,0,0,0,0,0,0,0,0,0,0,0,0,0,0,0,0,0,0,0,0,0,0,0,0,32.849881,0,0,0,0,0,0,0,0,0,0,0,0,0,0,0,0,0,0,0,0,0,0,0,0,0,0,0,0,0,0,0,0,0,0,0,0,0,0,0
61,0,0,0,0,0,0,0,0,0,0,0,0,0,0,0,0,0,0.002509,0,0,0,0,0,0.003062,0,0,0,0.001752,0,0,0,0,0,0,0,0,0,0,0,0,0,0,0,0,0,0,0,0,0,0.001765,0,0,0,0,0,0,0,0,0,0,0,0,0,0,100,0,0,0,0,0,0,0,0,0,0,0,0,0,0,0,0,0,0,0,0,0,0,0,0,0,0,0,0,0,0,0,0,0,0,0,0,0,0,15.994351,0,0,0,0,0,0,0,0,0,0,0,0,0,0,0,0,0,0,0,0,0,0,0,0,0,0,0,0,0,0,0,0,0,0,0,0,0,32.850486,0,0,0,0,0,0,0,0,0,0,0,0,0,0,0,0,0,0,0,0,0,0,0,0,0,0,0,0,0,0,0,0,0,0.001451,0,0,0,0,0
62,0,0,0,0,0,0,0,0,0,0,0,0.001834,0,0,0,0,0,0,0,0,0,0,0,0.003062,0,0,0,0,0,0,0,0,0,0.004532,0,0,0,0,0,0,0,0,0,0,0,0,0,0,0,0,0,0,0,0,0,0,0,0,0,0,0,0,0,0,100,0,0,0,0,0,0,0,0,0,0,0,0,0,0,0,0,0,0,0,0,0,0,0,0,0,0,0,0,0,0,0,0,0,0,0,0,0,0,15.994351,0,0,0,0,0,0,0,0,0,0,0,0,0.001195,0,0,0,0,0,0,0,0,0,0,0,0,0,0,0,0,0,0,0,0,0,0,0,0,32.850486,0,0,0,0,0,0,0,0,0,0,0,0,0,0,0,0,0,0,0,0,0,0,0,0,0,0,0,0,0,0,0,0,0,0.001451,0,0,0,0,0
63,0,0,0,0,0,0,0,0,0,0,0,0,0,0,0,0.001384,0,0.001255,0,0,0.002165,0,0,0,0,0,0,0,0,0,0,0.001589,0,0,0,0,0.002719,0,0,0,0,0,0,0,0,0,0,0,0,0,0,0,0,0,0,0,0,0,0,0,0,0,0,0,100,0,0,0,0,0,0,0,0,0,0,0,0,0,0,0,0,0,0,0,0,0,0,0,0,0,0,0,0,0,0,0,0,0,0,0,0,0,0,15.994311,0,0,0,0,0,0,0,0,0,0,0,0,0,0,0,0,0,0,0,0,0,0,0,0,0,0,0,0,0,0,0,0,0,0,0,0,0,32.849881,0,0,0,0,0,0,0,0,0,0,0,0,0,0,0,0,0,0,0,0,0,0,0,0,0,0,0,0,0,0,0,0,0,0,0,0,0,0,0
64,0,0,0,0,0,0,0.002961,0,0,0,0,0,0,0,0,0,0,0.001255,0,0,0,0,0,0,0.001935,0,0,0,0,0,0,0,0,0,0,0.001434,0,0,0,0,0,0,0,0,0,0,0.001008,0,0,0,0,0.001647,0,0,0,0,0,0,0,0,0,0,0,0,100,0,0,0,0,0,0,0,0,0,0,0,0,0,0,0,0,0,0,0,0,0,0,0,0,0,0,0,0,0,0,0,0,0,0,0,0,0,0,15.994311,0,0,0,0,0,0,0,0,0,0,0,0,0,0,0,0,0,0,0,0,0,0,0,0,0,0,0,0,0,0,0,0,0,0,0,0,0,32.849881,0,0,0,0,0,0,0,0,0,0,0,0,0,0,0,0,0,0,0,0,0,0,0,0,0,0,0,0,0,0,0,0,0,0,0,0,0,0,0
65,0.051167,0,0,0,0,0,0.002983,0,0,0,0,0,0,0,0,0,0,0,0,0,0,0,0,0,0,0,0,0,0,0,0,0,0,0,0,0,0,0,0,0,0,0,0,0,0,0,0.001523,0,0,0,0,0.001659,0,0,0,0,0.004013,0,0,0,0,0,0,0,100,0.001275,0,0,0,0,0,0,0,0,0,0,0,0,0.001628,0,0,0,0,0,0,0,0,0,0,0,0,0,0,0,0,0,0,0,0,0,0,0,0,16.014674,0,0,0,0,0,0,0,0,0,0,0,0,0,0,0,0,0,0,0,0,0,0,0,0,0,0,0,0,0,0,0,0.001027,0,0,0,0,0,32.711087,0.001132,0,0,0,0,0,0,0,0,0.001231,0,0,0,0,0,0,0,0,0,0,0,0,0,0,0,0,0,0.001403,0,0,0,0,0,0,0,0.001472,0,0,0
66,0,0,0,0,0,0.012942,0,0,0,0,0,0,0,0,0,0,0,0,0,0,0,0,0,0.003084,0,0,0,0,0,0,0,0,0,0,0,0,0,0,0.003886,0,0,0,0,0,0,0,0,0,0,0.001334,0,0,0,0,0,0,0,0,0,0.001729,0,0,0,0,100,0,0,0,0,0,0.001095,0,0,0,0,0,0,0,0,0,0,0,0,0,0,0,0,0,0,0,0,0,0,0,0,0,0,0,0,0,0,0,0,16.014715,0,0,0,0,0,0,0,0,0,0,0,0,0,0,0,0,0,0,0,0,0,0,0,0,0,0,0,0,0,0,0,0,0,0.001062,0,0,0,32.711698,0,0,0,0,0,0,0,0,0,0,0,0,0.001263,0,0,0,0,0,0,0,0,0,0,0,0,0,0,0,0,0,0,0,0,0.001462,0,0,0,0.001493,0
67,0,0,0,0,0,0,0.002983,0,0,0,0,0,0,0.004732,0,0,0,0,0,0,0,0,0,0,0.002924,0,0,0,0,0,0,0,0,0,0,0.002167,0,0,0,0,0,0,0,0,0,0,0.001523,0,0,0,0,0.001659,0,0,0,0,0.001003,0,0,0,0,0,0,0,100,0.001275,0,0,0,0,0,0,0,0,0,0,0,0,0,0,0,0,0,0,0,0,0,0,0,0,0,0,0,0,0,0,0,0,0,0,0,0,0,16.014674,0,0,0,0,0,0,0,0,0,0,0,0,0,0,0,0,0,0,0,0,0,0,0,0,0,0,0,0,0,0,0,0,0,0,0,0,0,32.711087,0,0,0,0,0,0,0,0,0,0.001231,0,0,0,0,0,0,0,0,0,0,0,0,0,0,0,0,0,0.001052,0,0,0,0,0,0,0,0.001472,0,0,0
68,0,0,0.021844,0,0,0,0,0,0,0,0,0,0,0,0,0.001394,0,0,0,0,0,0,0,0,0,0,0,0,0,0,0,0,0,0,0,0,0.002739,0,0,0,0,0,0,0,0,0,0,0,0.005706,0,0,0,0,0,0,0,0,0,0,0,0,0,0,0,100,0,0,0.002363,0,0,0,0,0,0,0,0,0,0,0,0,0,0,0,0,0,0,0,0,0.001285,0,0,0,0,0,0,0,0,0,0,0,0,0,0,16.014674,0,0,0,0,0,0,0,0,0,0,0,0,0,0,0,0,0,0,0,0,0,0,0,0,0.002111,0,0,0,0,0,0,0,0,0,0,0,0,32.711087,0,0,0,0,0,0,0,0,0,0,0,0,0,0,0,0,0,0,0,0,0.004009,0,0,0,0,0,0,0,0,0,0,0,0,0,0,0,0.001483,0,0
69,0,0,0,0,0,0,0,0,0,0.006812,0,0,0,0,0,0.001394,0,0,0,0,0,0,0,0,0,0,0,0,0,0,0,0.002401,0,0,0,0,0.002739,0,0,0,0,0,0.003455,0,0,0,0,0,0,0,0,0,0,0.00116,0,0,0,0,0,0,0,0,0,0.001486,100,0,0,0,0,0,0,0,0,0,0,0,0,0,0,0,0,0,0,0,0,0,0,0,0,0,0,0,0,0,0,0,0,0,0,0,0,0,0,16.014674,0,0,0,0,0,0,0,0,0,0,0,0,0,0,0,0,0,0,0,0,0,0,0,0,0,0,0,0,0,0,0,0,0,0,0,0,0,32.711087,0,0,0,0,0,0,0,0,0,0,0,0,0,0,0,0,0,0,0,0,0,0,0,0,0,0.001377,0,0,0,0,0,0,0,0,0,0,0,0,0
70,0,0,0,0,0,0,0.002983,0,0,0,0,0,0,0,0,0,0,0,0.007001,0,0,0,0,0,0,0,0,0,0,0,0,0,0,0,0,0,0,0,0,0,0.003668,0,0,0,0,0,0,0,0,0,0,0.001659,0,0,0,0,0,0,0,0,0,0,0.003206,0,100,0,0,0,0,0,0,0,0,0,0,0,0,0,0,0,0,0,0,0,0,0,0,0,0,0,0,0,0,0,0,0.001069,0,0,0,0,0,0,0,16.014674,0,0,0,0,0,0.001376,0,0,0,0,0,0,0,0,0,0,0,0,0,0,0,0,0,0,0,0,0,0,0,0,0,0,0,0,0,0,0.00162,32.711087,0,0,0,0,0,0,0,0,0,0,0,0,0,0.001917,0,0,0,0,0,0,0,0,0,0,0,0,0,0,0,0,0.002878,0,0,0,0,0,0,0,0
71,0,0,0,0,0,0,0,0,0,0,0,0,0,0,0,0,0,0.003792,0,0,0,0,0,0.003084,0,0,0,0.005294,0,0,0,0,0,0,0,0,0,0,0,0,0,0,0,0,0,0,0,0,0,0.002667,0,0,0,0,0,0,0,0,0,0.001729,0,0,0,0,100,0,0,0,0,0,0,0,0,0,0,0,0,0,0,0,0,0,0,0,0,0,0,0,0,0,0,0,0,0,0,0,0,0,0,0,0,0,0,16.014715,0,0,0,0,0,0,0,0,0,0,0,0,0,0,0,0,0,0,0,0,0,0,0,0,0,0,0,0,0,0,0,0,0,0,0,0,0,32.711698,0,0,0,0.001166,0,0,0,0,0,0,0,0,0,0,0,0,0,0,0,0,0,0,0.00135,0,0,0,0,0,0,0,0,0,0,0.001462,0,0,0,0,0
72,0,0,0,0,0,0,0,0,0,0,0,0.005543,0,0,0,0,0,0,0,0,0,0,0,0.003084,0,0,0,0,0,0,0,0,0,0.006848,0,0,0,0,0,0,0,0,0,0,0,0,0,0,0,0,0,0,0,0,0,0,0,0,0,0,0,0,0,0,100,0,0,0,0,0,0,0,0,0,0,0,0.002626,0,0,0,0,0,0,0,0,0,0,0,0,0,0,0,0,0,0,0,0,0,0,0,0,0,0,16.014715,0,0,0,0,0,0,0,0,0,0,0,0,0.001204,0,0,0,0,0,0,0,0,0,0,0,0,0,0,0,0,0.001514,0,0,0,0,0,0,0,32.711698,0,0,0,0,0,0,0,0,0.001823,0,0,0,0,0,0,0,0,0,0,0,0,0,0,0,0,0,0,0,0,0,0,0,0,0.001462,0,0,0,0,0
73,0,0,0,0,0,0,0,0,0,0,0,0,0,0,0,0.001394,0,0,0,0,0.006544,0,0,0,0,0,0,0,0,0,0,0.004801,0,0,0,0,0.002739,0,0,0,0,0,0,0,0,0,0,0,0,0,0,0,0,0,0,0,0,0,0,0,0,0,0,0,100,0,0,0,0,0,0,0,0,0,0,0,0,0,0,0,0,0,0.001237,0,0,0,0,0,0,0,0,0,0,0,0,0,0,0,0,0,0,0,0,16.014674,0,0,0,0,0,0,0,0,0,0,0,0,0,0,0,0,0,0,0,0,0,0,0,0,0,0,0,0,0,0,0,0,0,0,0,0,0,32.711087,0,0,0,0,0,0,0,0,0,0,0,0,0,0,0.001293,0,0,0,0,0,0,0,0,0,0,0.001377,0,0,0,0,0,0,0,0,0,0,0,0,0
74,0,0,0,0,0,0,0.002983,0,0,0,0,0,0,0,0,0,0,0,0,0,0,0,0,0,0.005847,0,0,0,0,0,0,0,0,0,0,0.004335,0,0,0,0,0,0,0,0,0,0,0.003047,0,0,0,0,0.001659,0,0,0,0,0,0,0,0,0,0,0,0,100,0,0,0,0,0,0,0,0,0,0,0,0,0,0,0,0,0,0,0,0,0,0,0,0,0,0,0,0,0,0,0,0,0,0,0,0,0,0,16.014674,0,0,0,0,0,0,0,0,0.001091,0,0,0,0,0,0,0,0,0,0,0,0,0,0.001381,0,0,0,0,0,0,0,0,0.001027,0,0,0,0,0,32.711087,0,0,0,0,0,0,0,0,0,0,0,0,0,0,0,0,0,0,0,0,0,0,0,0,0,0,0,0,0,0,0,0,0,0,0,0,0,0,0
75,0.017056,0,0,0,0,0,0.002983,0,0,0,0,0,0,0,0,0,0,0.005056,0,0,0,0,0,0,0,0,0,0,0,0,0,0,0,0,0,0,0,0,0,0,0,0,0,0,0,0,0,0,0,0.003556,0,0.001659,0,0,0,0,0.001338,0,0,0,0,0,0,0,100,0,0,0,0,0,0,0,0,0,0,0,0,0,0,0,0,0,0,0,0,0,0,0,0,0,0,0,0,0,0,0,0,0,0,0,0,0,0,16.014674,0,0,0,0,0,0,0,0,0,0,0,0,0,0,0,0,0,0,0,0,0,0,0,0,0,0,0,0,0,0,0,0,0,0,0,0,0,32.711087,0,0,0,0,0,0,0,0,0,0,0,0,0.002525,0,0,0,0,0,0,0,0,0,0,0,0,0,0,0,0,0,0,0,0,0,0,0,0,0.001991,0
76,0,0,0,0,0,0.004314,0,0,0,0,0,0,0,0,0,0,0,0.005056,0,0,0,0,0,0.003084,0,0,0,0,0,0,0,0,0,0,0,0,0,0,0.001295,0,0,0,0,0,0,0,0,0,0,0.004001,0,0,0,0,0,0,0,0,0,0,0,0,0,0,100,0,0,0,0,0,0,0,0,0,0,0,0,0,0,0,0,0.001178,0,0,0,0,0,0,0,0,0,0,0,0,0,0,0,0,0,0,0,0,0,16.014715,0,0,0,0,0,0,0,0,0,0,0,0,0,0,0,0,0,0,0,0,0,0,0,0,0,0,0,0,0,0,0,0,0,0,0,0,0,32.711698,0,0,0,0,0,0,0,0,0,0,0,0,0.002946,0,0,0,0,0,0,0,0,0,0,0,0,0,0,0,0,0,0,0,0,0.001462,0,0,0,0.002488,0
77,0,0,0,0,0,0,0.002983,0,0,0,0,0,0,0.001577,0,0,0,0.005056,0,0,0,0,0,0,0,0,0,0,0,0,0,0,0,0,0,0,0,0,0,0,0,0,0,0,0,0,0,0,0,0.003556,0,0.001659,0,0,0,0,0,0,0,0,0,0,0,0,100,0,0,0,0,0,0,0,0,0,0,0,0,0,0,0,0,0,0,0,0,0,0,0,0,0,0,0,0,0,0,0,0,0,0,0,0,0,0,16.014674,0,0,0,0,0,0,0,0,0,0,0,0,0,0,0,0,0,0,0,0,0,0,0,0,0,0,0,0,0,0,0,0,0,0,0,0,0,32.711087,0,0,0,0,0,0,0,0,0,0,0,0,0.002525,0,0,0,0,0,0,0,0,0,0,0,0,0,0,0,0,0,0,0,0,0,0,0,0,0.001991,0
78,0,0,0.007281,0,0,0,0,0,0,0,0,0,0,0,0,0.001394,0,0,0,0,0,0,0,0,0,0,0,0,0,0,0,0,0,0.009131,0,0,0.002739,0,0,0,0,0,0,0,0,0,0,0,0.001902,0,0,0,0,0,0,0,0,0,0,0,0,0,0,0,100,0,0,0,0,0,0,0,0,0,0,0,0,0,0,0,0,0,0,0,0,0,0,0,0,0,0,0,0.001113,0,0,0,0,0,0,0,0,0,0,16.014674,0,0,0,0,0,0,0,0,0,0,0,0,0.003209,0,0,0,0,0,0,0,0,0,0,0,0,0,0,0,0,0,0,0,0,0,0,0,0,32.711087,0,0,0,0,0,0,0,0,0,0,0,0,0,0,0,0,0,0,0,0,0.001336,0,0,0,0,0,0,0,0,0,0,0,0,0,0,0,0,0,0
79,0,0,0,0,0,0,0,0,0,0.002271,0,0,0,0,0,0.001394,0,0.005056,0,0,0,0,0,0,0,0,0,0,0,0,0,0,0,0,0,0,0.002739,0,0,0,0,0,0.001152,0,0,0,0,0,0,0.003556,0,0,0,0,0,0,0,0,0,0,0,0,0,0,100,0,0,0,0,0,0,0,0,0,0,0,0,0,0,0,0,0,0,0,0,0,0,0,0,0,0,0,0,0,0,0,0,0,0,0,0,0,0,16.014674,0,0,0,0,0,0,0,0,0,0,0,0,0,0,0,0,0,0,0,0,0,0,0,0,0,0,0,0,0,0,0,0,0,0,0,0,0,32.711087,0,0,0,0,0,0,0,0,0,0,0,0,0.002525,0,0,0,0,0,0,0,0,0,0,0,0,0,0,0,0,0,0,0,0,0,0,0,0,0.001991,0
80,0,0,0,0,0,0,0.002983,0,0,0,0,0,0,0,0,0,0,0,0.002334,0,0,0,0,0,0,0,0,0,0,0,0,0,0,0.009131,0,0,0,0,0,0,0.001223,0,0,0,0,0,0,0,0,0,0,0.001659,0,0,0,0,0,0,0,0,0,0,0.001069,0,100,0,0,0,0,0,0,0,0,0,0,0,0,0,0,0,0,0,0,0,0,0,0,0,0,0,0,0,0.001113,0,0,0,0,0,0,0,0,0,0,16.014674,0,0,0,0,0,0,0,0,0,0,0,0,0.003209,0,0,0,0,0,0,0,0,0,0,0,0,0,0,0,0,0,0,0,0,0,0,0,0,32.711087,0,0,0,0,0,0,0,0,0,0,0,0,0,0,0,0,0,0,0,0,0,0,0,0,0,0,0,0,0,0,0,0,0,0,0,0,0,0,0
81,0,0,0,0,0,0,0,0,0,0,0,0,0,0,0,0,0,0.00632,0,0,0,0,0,0.003084,0,0,0,0.001765,0,0,0,0,0,0,0,0,0,0,0,0,0,0,0,0,0,0,0,0,0,0.004445,0,0,0,0,0,0,0,0,0,0,0,0,0,0,100,0,0,0,0,0,0,0,0,0,0,0,0,0,0,0,0,0.001178,0,0,0,0,0,0,0,0,0,0,0,0,0,0,0,0,0,0,0,0,0,16.014715,0,0,0,0,0,0,0,0,0,0,0,0,0,0,0,0,0,0,0,0,0,0,0,0,0,0,0,0,0,0,0,0,0,0,0,0,0,32.711698,0,0,0,0,0,0,0,0,0,0,0,0,0.002736,0,0,0,0,0,0,0,0,0,0,0,0,0,0,0,0,0,0,0,0,0.001462,0,0,0,0.002239,0
82,0,0,0,0,0,0,0,0,0,0,0,0.001848,0,0,0,0,0,0,0,0,0,0,0,0.003084,0,0,0,0,0,0,0,0,0,0.011414,0,0,0,0,0,0,0,0,0,0,0,0,0,0,0,0,0,0,0,0,0,0,0,0,0,0,0,0,0,0,100,0,0,0,0,0,0,0,0,0,0,0,0,0,0,0,0,0,0,0,0,0,0,0,0,0,0,0,0.001322,0,0,0,0,0,0,0,0,0,0,16.014715,0,0,0,0,0,0,0,0,0,0,0,0,0.003611,0,0,0,0,0,0,0,0,0,0,0,0,0,0,0,0,0,0,0,0,0,0,0,0,32.711698,0,0,0,0,0,0,0,0,0,0,0,0,0,0,0,0,0,0,0,0,0,0,0,0,0,0,0,0,0,0,0,0,0,0.001462,0,0,0,0,0
83,0,0,0,0,0,0,0,0,0,0,0,0,0,0,0,0.001394,0,0.005056,0,0,0.002181,0,0,0,0,0,0,0,0,0,0,0.0016,0,0,0,0,0.002739,0,0,0,0,0,0,0,0,0,0,0,0,0.003556,0,0,0,0,0,0,0,0,0,0,0,0,0,0,100,0,0,0,0,0,0,0,0,0,0,0,0,0,0,0,0,0,0,0,0,0,0,0,0,0,0,0,0,0,0,0,0,0,0,0,0,0,0,16.014674,0,0,0,0,0,0,0,0,0,0,0,0,0,0,0,0,0,0,0,0,0,0,0,0,0,0,0,0,0,0,0,0,0,0,0,0,0,32.711087,0,0,0,0,0,0,0,0,0,0,0,0,0.002525,0,0,0,0,0,0,0,0,0,0,0,0,0,0,0,0,0,0,0,0,0,0,0,0,0.001991,0
84,0,0,0,0,0,0,0.002983,0,0,0,0,0,0,0,0,0,0,0.005056,0,0,0,0,0,0,0.001949,0,0,0,0,0,0,0,0,0,0,0.001445,0,0,0,0,0,0,0,0,0,0,0.001016,0,0,0.003556,0,0.001659,0,0,0,0,0,0,0,0,0,0,0,0,100,0,0,0,0,0,0,0,0,0,0,0,0,0,0,0,0,0,0,0,0,0,0,0,0,0,0,0,0,0,0,0,0,0,0,0,0,0,0,16.014674,0,0,0,0,0,0,0,0,0,0,0,0,0,0,0,0,0,0,0,0,0,0,0,0,0,0,0,0,0,0,0,0,0,0,0,0,0,32.711087,0,0,0,0,0,0,0,0,0,0,0,0,0.002525,0,0,0,0,0,0,0,0,0,0,0,0,0,0,0,0,0,0,0,0,0,0,0,0,0.001991,0
85,0.068732,0,0,0,0,0,0,0,0,0,0,0,0,0,0,0,0,0.001273,0,0,0,0,0,0,0,0,0,0,0,0,0,0,0,0,0,0,0,0,0,0,0,0,0,0,0,0,0.002046,0,0,0,0,0,0,0,0,0,0.005391,0,0,0,0,0,0,0,100,0.001713,0,0,0,0,0,0,0,0,0,0,0,0,0.002187,0,0,0,0,0,0,0,0,0,0,0,0,0,0,0,0,0,0,0,0,0,0,0,0,16.035201,0,0,0,0,0,0,0,0,0,0,0,0,0,0,0.0011,0,0,0,0,0,0,0,0,0,0,0,0,0,0,0,0,0.001379,0,0,0,0,0,32.571556,0.00152,0,0,0,0,0,0,0,0,0.001654,0,0,0,0,0,0,0,0,0.001332,0,0,0,0,0,0,0,0,0.001884,0,0,0,0,0,0,0,0.001978,0,0,0
86,0,0,0,0,0,0.017385,0,0,0,0,0,0,0,0,0,0,0,0.001273,0,0,0,0,0,0,0,0,0,0,0,0,0,0,0,0,0,0,0,0,0.005219,0,0,0,0,0,0,0,0,0,0,0.002687,0,0,0,0,0,0,0,0,0,0.002322,0,0,0,0,100,0,0,0,0,0,0.001471,0,0,0,0,0,0,0,0,0,0,0.001187,0,0,0,0,0,0,0,0,0,0,0,0,0,0,0,0,0,0,0,0,0,16.035201,0,0,0,0,0,0,0,0,0,0,0.001015,0,0,0,0,0,0,0,0,0,0,0,0,0,0,0,0,0,0,0,0,0,0,0.001427,0,0,0,32.571556,0,0,0,0,0,0,0,0,0,0,0,0,0.002332,0,0,0,0,0,0,0,0,0,0,0,0,0,0,0,0,0,0,0,0,0,0,0,0,0.002507,0
87,0,0,0,0,0,0,0,0,0,0,0,0,0,0.006356,0,0,0,0.001273,0,0,0,0,0,0,0.003927,0,0,0,0,0,0,0,0,0,0,0.002911,0,0,0,0,0,0,0,0,0,0,0.002046,0,0,0,0,0,0,0,0,0,0.001348,0,0,0,0,0,0,0,100,0.001713,0,0,0,0,0,0,0,0,0,0,0,0,0,0,0,0,0,0,0,0,0,0,0,0,0,0,0,0,0,0,0,0,0,0,0,0,0,16.035201,0,0,0,0,0,0,0,0,0,0,0,0,0,0,0,0,0,0,0,0,0,0,0,0,0,0,0,0,0,0,0,0.001034,0,0,0,0,0,32.571556,0,0,0,0,0,0,0,0,0,0.001654,0,0,0,0,0,0,0,0,0,0,0,0,0,0,0,0,0,0.001413,0,0,0,0,0,0,0,0.001978,0,0,0
88,0,0,0.029342,0,0,0,0,0,0,0,0,0,0,0,0,0,0,0,0,0,0,0,0,0,0,0,0,0,0,0,0,0,0,0.0023,0,0,0,0,0,0,0,0,0,0,0,0,0,0,0.007665,0,0,0,0,0,0,0,0,0,0,0,0,0,0,0,100,0,0,0.003174,0,0,0,0,0,0,0,0,0,0,0,0,0,0,0,0,0,0,0,0,0.001727,0,0,0,0,0,0,0,0,0,0,0,0,0,0,16.035201,0,0,0,0,0,0,0,0,0,0,0,0,0,0,0,0,0,0,0,0,0,0,0,0,0.002836,0,0,0,0,0,0,0,0,0,0,0,0,32.571556,0,0,0,0,0,0,0,0,0,0,0,0,0,0,0,0,0,0,0,0,0.005385,0,0,0,0,0,0,0,0,0,0,0,0,0,0,0,0.001992,0,0
89,0,0,0,0,0,0,0,0,0,0.009151,0,0,0,0,0,0,0,0.001273,0,0,0,0,0,0,0,0,0,0,0,0,0,0.003225,0,0,0,0,0,0,0,0,0,0,0.004641,0,0,0,0,0,0,0,0,0,0,0.001558,0,0,0,0,0,0,0,0,0,0.001996,100,0,0,0,0,0,0,0,0,0,0,0,0,0,0,0,0,0,0,0,0,0,0,0,0,0,0,0,0,0,0,0,0,0,0,0,0,0,0,16.035201,0,0,0,0,0,0,0,0,0,0,0,0,0,0,0,0,0,0,0,0,0,0,0,0,0,0,0,0,0,0,0,0,0,0,0,0,0,32.571556,0,0,0,0,0,0,0.001208,0,0,0,0,0,0,0,0,0,0,0,0,0,0,0,0,0,0,0.00185,0,0,0,0,0,0,0,0,0,0,0,0,0
90,0,0,0,0,0,0,0,0,0,0,0,0,0,0,0,0,0,0,0.009404,0,0,0,0,0,0,0,0,0,0,0,0,0,0,0.0023,0,0,0,0,0,0,0.004927,0,0,0,0,0,0,0,0,0,0,0,0,0,0,0,0,0,0,0,0,0,0.004306,0,100,0,0,0,0,0,0,0,0,0,0,0,0,0,0,0,0,0,0,0,0,0,0,0,0,0,0,0,0,0,0,0.001436,0,0,0,0,0,0,0,16.035201,0,0,0,0,0,0.001848,0,0,0,0,0,0,0,0,0,0,0,0,0,0,0,0,0,0,0,0,0,0,0,0,0,0,0,0,0,0,0.002176,32.571556,0,0,0,0,0,0,0,0,0,0,0,0,0,0.002575,0,0,0,0,0,0,0,0,0,0,0,0,0,0,0,0,0.003866,0,0,0,0,0,0,0,0
91,0,0,0,0,0,0,0,0,0,0,0,0,0,0,0,0,0,0.006367,0,0,0,0,0,0,0,0,0,0.007112,0,0,0,0,0,0,0,0,0,0,0,0,0,0,0,0,0,0,0,0,0,0.004478,0,0,0,0,0,0,0,0,0,0.002322,0,0,0,0,100,0,0,0,0,0,0,0,0,0,0,0,0,0,0,0,0,0.001187,0,0,0,0,0,0,0,0,0,0,0,0,0,0,0,0,0,0,0,0,0,16.035201,0,0,0,0,0,0,0,0,0,0,0,0,0,0,0,0,0,0.001144,0,0,0,0,0,0,0,0,0,0,0,0,0,0,0,0,0,0,0,32.571556,0,0,0,0.001566,0,0,0,0,0,0,0,0,0.001484,0,0,0,0,0,0,0,0,0,0.001814,0,0,0,0,0,0,0,0,0,0,0,0,0,0,0.001504,0
92,0,0,0,0,0,0,0,0,0,0,0,0.007445,0,0,0,0,0,0,0,0,0,0,0,0,0,0,0,0,0,0,0,0,0,0.011499,0,0,0,0,0,0,0,0,0,0,0,0,0,0,0,0,0,0,0,0,0,0,0,0,0,0,0,0,0,0,100,0,0,0,0,0,0,0,0,0,0,0,0.003528,0,0,0,0,0,0,0,0,0,0,0,0,0,0,0,0.001122,0,0,0,0,0,0,0,0.001223,0,0,16.035201,0,0,0,0,0,0,0,0,0,0,0,0,0.002425,0,0,0,0,0,0,0,0,0,0,0,0,0,0,0,0,0.002033,0,0,0,0,0,0,0,32.571556,0,0,0,0,0,0,0,0,0.002448,0,0,0,0,0,0,0,0,0,0,0,0,0,0,0,0,0,0,0,0,0,0,0,0,0,0,0,0,0,0
93,0,0,0,0,0,0,0,0,0,0,0,0,0,0,0,0,0,0.001273,0,0,0.00879,0,0,0,0,0,0,0,0,0,0,0.006449,0,0,0,0,0,0,0,0,0,0,0,0,0,0,0,0,0,0,0,0,0,0,0,0,0,0,0,0,0,0,0,0,100,0,0,0,0,0,0,0,0,0,0.001266,0,0,0,0,0,0,0,0.001661,0,0,0,0,0,0,0,0.001176,0,0,0,0,0,0,0,0,0,0,0,0,16.035201,0,0,0,0,0,0,0,0,0,0,0,0,0,0,0,0,0,0,0,0.00119,0,0,0,0,0,0,0,0,0,0,0,0,0,0,0,0,0,32.571556,0,0,0,0,0,0,0,0,0,0,0,0,0,0,0.001737,0,0,0,0,0,0,0,0,0,0,0.00185,0,0,0,0,0,0,0,0,0,0,0,0,0
94,0,0,0,0,0,0,0,0,0,0,0,0,0,0,0,0,0,0.001273,0,0,0,0,0,0,0.007854,0,0,0,0,0,0,0,0,0,0,0.005823,0,0,0,0,0,0,0,0,0,0,0.004093,0,0,0,0,0,0,0,0,0,0,0,0,0,0,0,0,0,100,0,0,0,0,0,0,0,0,0,0,0,0,0,0.001093,0,0,0,0,0,0,0,0,0,0,0,0,0,0,0.001073,0,0,0,0,0,0,0,0,0,16.035201,0,0,0,0,0,0,0,0,0.001465,0,0,0,0,0,0,0,0,0,0,0,0,0,0.001855,0,0,0,0,0,0,0,0,0.001379,0,0,0,0,0,32.571556,0,0,0,0,0,0,0,0,0,0,0,0,0,0,0,0,0,0,0,0,0,0,0,0,0,0,0,0,0,0,0,0,0,0,0,0,0,0,0
95,0.017183,0,0,0,0,0,0.009015,0,0,0,0,0,0,0,0,0,0,0.001273,0,0,0,0,0,0,0,0,0,0,0,0,0.00254,0,0,0,0,0,0,0,0,0,0,0,0,0,0,0,0,0,0,0,0,0.005015,0,0,0,0,0.001348,0,0,0,0,0,0,0,100,0,0,0,0,0,0,0.001023,0,0,0,0,0,0,0,0,0,0,0,0,0,0,0,0,0,0.001392,0,0,0,0,0,0,0,0,0,0,0,0,0,16.035201,0,0,0,0,0,0,0,0,0,0,0,0,0,0,0,0,0,0,0,0,0,0,0,0,0,0,0,0.001716,0,0,0,0,0,0,0,0,0,32.571556,0,0,0,0,0.001191,0,0,0,0,0,0,0,0,0,0,0,0,0,0,0,0,0,0,0,0.002748,0,0,0,0,0,0,0,0,0,0,0,0,0,0.001514
96,0,0,0,0,0,0.004346,0,0,0,0,0,0,0,0,0,0,0,0.001273,0,0,0,0,0,0.009322,0,0,0,0,0,0,0,0,0,0,0,0,0,0,0.001305,0,0,0,0,0.001636,0,0,0,0,0,0.001343,0,0,0,0,0,0,0,0,0,0,0,0,0,0,100,0,0,0,0,0,0,0,0,0,0,0,0,0,0,0,0,0,0,0,0,0,0,0,0,0,0,0,0,0,0,0,0,0.001015,0,0,0,0,0,16.035324,0,0,0,0,0,0,0,0.001078,0,0,0,0,0,0,0,0,0,0,0,0,0,0,0,0,0,0,0,0,0,0,0,0,0,0,0,0,0,32.573405,0,0,0,0,0,0,0,0,0,0,0,0,0.00106,0,0,0,0,0,0,0,0,0,0,0,0,0,0,0,0,0,0,0,0,0.004417,0,0,0,0.001003,0
97,0,0,0,0,0,0,0.009016,0,0,0,0,0,0,0.001589,0,0,0,0.001273,0,0,0,0,0,0,0,0,0,0,0,0,0.00254,0,0,0,0,0,0,0,0,0,0,0,0,0,0,0,0,0,0,0,0,0.005015,0,0,0,0,0,0,0,0,0,0,0,0,100,0,0,0,0,0,0,0.001023,0,0,0,0,0,0,0,0,0,0,0,0,0,0,0,0,0,0.001392,0,0,0,0,0,0,0,0,0,0,0,0,0,16.035201,0,0,0,0,0,0,0,0,0,0,0,0,0,0,0,0,0,0,0,0,0,0,0,0,0,0,0,0.001716,0,0,0,0,0,0,0,0,0,32.571556,0,0,0,0,0.001191,0,0,0,0,0,0,0,0,0,0,0,0,0,0,0,0,0,0,0,0.002748,0,0,0,0,0,0,0,0,0,0,0,0,0,0.001514
98,0,0,0.007336,0,0,0,0,0,0,0,0,0,0,0,0,0.004214,0,0,0,0,0,0,0,0,0,0,0,0,0,0,0,0,0,0.0023,0,0,0.008278,0,0,0,0,0,0,0,0,0,0,0,0.001916,0,0,0,0,0,0,0,0,0,0,0,0,0,0,0,100,0,0,0,0,0,0,0,0,0,0,0,0,0,0,0.001527,0,0,0,0,0,0,0,0,0,0,0,0,0,0,0,0,0,0,0,0,0,0.001209,0,16.035201,0,0,0,0,0,0,0,0,0,0,0,0,0,0,0,0.001682,0,0,0,0,0,0,0,0,0,0,0,0,0,0,0,0,0.001052,0,0,0,0,32.571556,0,0,0,0,0,0,0,0,0,0,0.001256,0,0,0,0,0,0,0,0,0,0.001346,0,0,0,0,0,0,0,0,0,0,0,0,0,0,0,0,0,0
99,0,0,0,0,0,0,0,0,0,0.002288,0,0,0,0,0,0.004214,0,0.001273,0,0,0,0,0,0,0,0,0,0,0,0,0,0,0,0,0,0,0.008277,0,0,0,0,0,0.00116,0,0,0,0,0,0,0,0,0,0,0,0,0,0,0,0,0,0,0,0,0,100,0,0,0,0,0,0,0,0,0,0,0,0,0,0,0.001527,0,0,0,0,0,0,0,0,0,0,0,0,0,0,0,0,0,0,0,0,0,0.001209,0,16.035201,0,0,0,0,0,0,0,0,0,0,0,0,0,0,0,0.001682,0,0,0,0,0,0,0,0,0,0,0,0,0,0,0,0,0.001052,0,0,0,0,32.571556,0,0,0,0,0,0,0,0,0,0,0.001256,0,0,0,0,0,0,0,0,0,0,0,0,0,0,0,0,0,0,0,0,0,0,0,0,0,0,0,0
100,0,0,0,0,0,0,0.009016,0,0,0,0,0,0,0,0,0,0,0,0.002351,0,0,0,0,0,0,0,0,0,0,0,0.00254,0,0,0.0023,0,0,0,0,0,0,0.001232,0,0,0,0,0,0,0,0,0,0,0.005015,0,0,0,0,0,0,0,0,0,0,0.001077,0,100,0,0,0,0,0,0,0.001023,0,0,0,0,0,0,0,0,0,0,0,0,0,0,0,0,0,0.001392,0,0,0,0,0,0,0,0,0,0,0,0,0,16.035201,0,0,0,0,0,0,0,0,0,0,0,0,0,0,0,0,0,0,0,0,0,0,0,0,0,0,0,0.001716,0,0,0,0,0,0,0,0,0,32.571556,0,0,0,0,0.001191,0,0,0,0,0,0,0,0,0,0,0,0,0,0,0,0,0,0,0,0.002748,0,0,0,0,0,0,0,0,0,0,0,0,0,0.001514
101,0,0,0,0,0,0,0,0,0,0,0,0,0,0,0,0,0,0.002547,0,0,0,0,0,0.009322,0,0,0,0.001778,0,0,0,0,0,0,0,0,0,0,0,0,0,0,0,0.001636,0,0,0,0,0,0.001791,0,0,0,0,0,0,0,0,0,0,0,0,0,0,100,0,0,0,0,0,0,0,0,0,0,0,0,0,0,0,0,0,0,0,0,0,0,0,0,0,0,0,0,0,0,0,0,0.001015,0,0,0,0,0,16.035324,0,0,0,0,0,0,0,0.001078,0,0,0,0,0,0,0,0,0,0,0,0,0,0,0,0,0,0,0,0,0,0,0,0,0,0,0,0,0,32.573405,0,0,0,0,0,0,0,0,0,0,0,0,0,0,0,0,0,0,0,0,0,0,0,0,0,0,0,0,0,0,0,0,0,0.004417,0,0,0,0,0
102,0,0,0,0,0,0,0,0,0,0,0,0.001861,0,0,0,0,0,0,0,0,0,0,0,0.009322,0,0,0,0,0,0,0,0,0,0.004599,0,0,0,0,0,0,0,0,0,0.001636,0,0,0,0,0,0,0,0,0,0,0,0,0,0,0,0,0,0,0,0,100,0,0,0,0,0,0,0,0,0,0,0,0,0,0,0,0,0,0,0,0,0,0,0,0,0,0,0,0,0,0,0,0,0.001015,0,0,0,0,0,16.035324,0,0,0,0,0,0,0,0.001078,0,0,0,0,0.001212,0,0,0,0,0,0,0,0,0,0,0,0,0,0,0,0,0,0,0,0,0,0,0,0,32.573405,0,0,0,0,0,0,0,0,0,0,0,0,0,0,0,0,0,0,0,0,0,0,0,0,0,0,0,0,0,0,0,0,0,0.004417,0,0,0,0,0
103,0,0,0,0,0,0,0,0,0,0,0,0,0,0,0,0.004214,0,0.001273,0,0,0.002198,0,0,0,0,0,0,0,0,0,0,0.001612,0,0,0,0,0.008277,0,0,0,0,0,0,0,0,0,0,0,0,0,0,0,0,0,0,0,0,0,0,0,0,0,0,0,100,0,0,0,0,0,0,0,0,0,0,0,0,0,0,0.001527,0,0,0,0,0,0,0,0,0,0,0,0,0,0,0,0,0,0,0,0,0,0.001209,0,16.035201,0,0,0,0,0,0,0,0,0,0,0,0,0,0,0,0.001682,0,0,0,0,0,0,0,0,0,0,0,0,0,0,0,0,0.001052,0,0,0,0,32.571556,0,0,0,0,0,0,0,0,0,0,0.001256,0,0,0,0,0,0,0,0,0,0,0,0,0,0,0,0,0,0,0,0,0,0,0,0,0,0,0,0
104,0,0,0,0,0,0,0.009016,0,0,0,0,0,0,0,0,0,0,0.001273,0,0,0,0,0,0,0.001964,0,0,0,0,0,0.00254,0,0,0,0,0.001456,0,0,0,0,0,0,0,0,0,0,0.001023,0,0,0,0,0.005015,0,0,0,0,0,0,0,0,0,0,0,0,100,0,0,0,0,0,0,0.001023,0,0,0,0,0,0,0,0,0,0,0,0,0,0,0,0,0,0.001392,0,0,0,0,0,0,0,0,0,0,0,0,0,16.035201,0,0,0,0,0,0,0,0,0,0,0,0,0,0,0,0,0,0,0,0,0,0,0,0,0,0,0,0.001716,0,0,0,0,0,0,0,0,0,32.571556,0,0,0,0,0.001191,0,0,0,0,0,0,0,0,0,0,0,0,0,0,0,0,0,0,0,0.002748,0,0,0,0,0,0,0,0,0,0,0,0,0,0.001514
105,0.051935,0,0,0,0,0,0.003028,0,0,0,0,0,0,0,0,0,0,0,0,0,0,0,0,0,0,0,0,0,0,0,0,0,0,0,0,0,0,0,0,0,0,0,0,0,0,0,0.001546,0,0,0,0,0.001684,0,0,0,0,0.004073,0,0,0,0,0,0,0,100,0.001294,0,0,0,0,0,0,0,0,0,0,0,0,0.001653,0,0,0,0,0,0,0,0,0,0,0,0,0,0,0,0,0,0,0,0,0,0,0,0,16.055896,0,0,0,0,0,0,0,0,0,0,0,0,0,0,0,0,0,0,0,0,0,0,0,0,0,0,0,0,0,0,0,0.001042,0,0,0,0,0,32.431284,0.001149,0,0,0,0,0,0,0,0,0.00125,0,0,0,0,0,0,0,0,0.001006,0,0,0,0,0,0,0,0,0.001424,0,0,0,0,0,0,0,0.001494,0,0,0
106,0,0,0,0,0,0.013136,0,0,0,0,0,0,0,0,0,0,0,0,0,0,0,0,0,0.003131,0,0,0,0,0,0,0,0,0,0,0,0,0,0,0.003944,0,0,0,0,0,0,0,0,0,0,0.001354,0,0,0,0,0,0,0,0,0,0.001755,0,0,0,0,100,0,0,0,0,0,0.001112,0,0,0,0,0,0,0,0,0,0,0,0,0,0,0,0,0,0,0,0,0,0,0,0,0,0,0,0,0,0,0,0,16.055937,0,0,0,0,0,0,0,0,0,0,0,0,0,0,0,0,0,0,0,0,0,0,0,0,0,0,0,0,0,0,0,0,0,0.001078,0,0,0,32.431906,0,0,0,0,0,0,0,0,0,0,0,0,0.001281,0,0,0,0,0,0,0,0,0,0,0,0,0,0,0,0,0,0,0,0,0.001483,0,0,0,0.001515,0
107,0,0,0,0,0,0,0.003028,0,0,0,0,0,0,0.004803,0,0,0,0,0,0,0,0,0,0,0.002967,0,0,0,0,0,0,0,0,0,0,0.0022,0,0,0,0,0,0,0,0,0,0,0.001546,0,0,0,0,0.001684,0,0,0,0,0.001018,0,0,0,0,0,0,0,100,0.001294,0,0,0,0,0,0,0,0,0,0,0,0,0,0,0,0,0,0,0,0,0,0,0,0,0,0,0,0,0,0,0,0,0,0,0,0,0,16.055896,0,0,0,0,0,0,0,0,0,0,0,0,0,0,0,0,0,0,0,0,0,0,0,0,0,0,0,0,0,0,0,0,0,0,0,0,0,32.431284,0,0,0,0,0,0,0,0,0,0.00125,0,0,0,0,0,0,0,0,0,0,0,0,0,0,0,0,0,0.001068,0,0,0,0,0,0,0,0.001494,0,0,0
108,0,0,0.022172,0,0,0,0,0,0,0,0,0,0,0,0,0.001415,0,0,0,0,0,0,0,0,0,0,0,0,0,0,0,0,0,0,0,0,0.00278,0,0,0,0,0,0,0,0,0,0,0,0.005792,0,0,0,0,0,0,0,0,0,0,0,0,0,0,0,100,0,0,0.002399,0,0,0,0,0,0,0,0,0,0,0,0,0,0,0,0,0,0,0,0,0.001305,0,0,0,0,0,0,0,0,0,0,0,0,0,0,16.055896,0,0,0,0,0,0,0,0,0,0,0,0,0,0,0,0,0,0,0,0,0,0,0,0,0.002143,0,0,0,0,0,0,0,0,0,0,0,0,32.431284,0,0,0,0,0,0,0,0,0,0,0,0,0,0,0,0,0,0,0,0,0.004069,0,0,0,0,0,0,0,0,0,0,0,0,0,0,0,0.001505,0,0
109,0,0,0,0,0,0,0,0,0,0.006914,0,0,0,0,0,0.001415,0,0,0,0,0,0,0,0,0,0,0,0,0,0,0,0.002437,0,0,0,0,0.00278,0,0,0,0,0,0.003507,0,0,0,0,0,0,0,0,0,0,0.001177,0,0,0,0,0,0,0,0,0,0.001508,100,0,0,0,0,0,0,0,0,0,0,0,0,0,0,0,0,0,0,0,0,0,0,0,0,0,0,0,0,0,0,0,0,0,0,0,0,0,0,16.055896,0,0,0,0,0,0,0,0,0,0,0,0,0,0,0,0,0,0,0,0,0,0,0,0,0,0,0,0,0,0,0,0,0,0,0,0,0,32.431284,0,0,0,0,0,0,0,0,0,0,0,0,0,0,0,0,0,0,0,0,0,0,0,0,0,0.001398,0,0,0,0,0,0,0,0,0,0,0,0,0
110,0,0,0,0,0,0,0.003028,0,0,0,0,0,0,0,0,0,0,0,0.007106,0,0,0,0,0,0,0,0,0,0,0,0,0,0,0,0,0,0,0,0,0,0.003723,0,0,0,0,0,0,0,0,0,0,0.001684,0,0,0,0,0,0,0,0,0,0,0.003254,0,100,0,0,0,0,0,0,0,0,0,0,0,0,0,0,0,0,0,0,0,0,0,0,0,0,0,0,0,0,0,0,0.001085,0,0,0,0,0,0,0,16.055896,0,0,0,0,0,0.001396,0,0,0,0,0,0,0,0,0,0,0,0,0,0,0,0,0,0,0,0,0,0,0,0,0,0,0,0,0,0,0.001644,32.431284,0,0,0,0,0,0,0,0,0,0,0,0,0,0.001946,0,0,0,0,0,0,0,0,0,0,0,0,0,0,0,0,0.002921,0,0,0,0,0,0,0,0
111,0,0,0,0,0,0,0,0,0,0,0,0,0,0,0,0,0,0.003849,0,0,0,0,0,0.003131,0,0,0,0.005374,0,0,0,0,0,0,0,0,0,0,0,0,0,0,0,0,0,0,0,0,0,0.002707,0,0,0,0,0,0,0,0,0,0.001755,0,0,0,0,100,0,0,0,0,0,0,0,0,0,0,0,0,0,0,0,0,0,0,0,0,0,0,0,0,0,0,0,0,0,0,0,0,0,0,0,0,0,0,16.055937,0,0,0,0,0,0,0,0,0,0,0,0,0,0,0,0,0,0,0,0,0,0,0,0,0,0,0,0,0,0,0,0,0,0,0,0,0,32.431906,0,0,0,0.001183,0,0,0,0,0,0,0,0,0,0,0,0,0,0,0,0,0,0,0.001371,0,0,0,0,0,0,0,0,0,0,0.001483,0,0,0,0,0
112,0,0,0,0,0,0,0,0,0,0,0,0.005626,0,0,0,0,0,0,0,0,0,0,0,0.003131,0,0,0,0,0,0,0,0,0,0.006951,0,0,0,0,0,0,0,0,0,0,0,0,0,0,0,0,0,0,0,0,0,0,0,0,0,0,0,0,0,0,100,0,0,0,0,0,0,0,0,0,0,0,0.002666,0,0,0,0,0,0,0,0,0,0,0,0,0,0,0,0,0,0,0,0,0,0,0,0,0,0,16.055937,0,0,0,0,0,0,0,0,0,0,0,0,0.001222,0,0,0,0,0,0,0,0,0,0,0,0,0,0,0,0,0.001536,0,0,0,0,0,0,0,32.431906,0,0,0,0,0,0,0,0,0.00185,0,0,0,0,0,0,0,0,0,0,0,0,0,0,0,0,0,0,0,0,0,0,0,0,0.001483,0,0,0,0,0
113,0,0,0,0,0,0,0,0,0,0,0,0,0,0,0,0.001415,0,0,0,0,0.006642,0,0,0,0,0,0,0,0,0,0,0.004873,0,0,0,0,0.00278,0,0,0,0,0,0,0,0,0,0,0,0,0,0,0,0,0,0,0,0,0,0,0,0,0,0,0,100,0,0,0,0,0,0,0,0,0,0,0,0,0,0,0,0,0,0.001255,0,0,0,0,0,0,0,0,0,0,0,0,0,0,0,0,0,0,0,0,16.055896,0,0,0,0,0,0,0,0,0,0,0,0,0,0,0,0,0,0,0,0,0,0,0,0,0,0,0,0,0,0,0,0,0,0,0,0,0,32.431284,0,0,0,0,0,0,0,0,0,0,0,0,0,0,0.001312,0,0,0,0,0,0,0,0,0,0,0.001398,0,0,0,0,0,0,0,0,0,0,0,0,0
114,0,0,0,0,0,0,0.003028,0,0,0,0,0,0,0,0,0,0,0,0,0,0,0,0,0,0.005935,0,0,0,0,0,0,0,0,0,0,0.0044,0,0,0,0,0,0,0,0,0,0,0.003093,0,0,0,0,0.001684,0,0,0,0,0,0,0,0,0,0,0,0,100,0,0,0,0,0,0,0,0,0,0,0,0,0,0,0,0,0,0,0,0,0,0,0,0,0,0,0,0,0,0,0,0,0,0,0,0,0,0,16.055896,0,0,0,0,0,0,0,0,0.001107,0,0,0,0,0,0,0,0,0,0,0,0,0,0.001402,0,0,0,0,0,0,0,0,0.001042,0,0,0,0,0,32.431284,0,0,0,0,0,0,0,0,0,0,0,0,0,0,0,0,0,0,0,0,0,0,0,0,0,0,0,0,0,0,0,0,0,0,0,0,0,0,0
115,0.017312,0,0,0,0,0,0.003028,0,0,0,0,0,0,0,0,0,0,0.005132,0,0,0,0,0,0,0,0,0,0,0,0,0,0,0,0,0,0,0,0,0,0,0,0,0,0,0,0,0,0,0,0.003609,0,0.001684,0,0,0,0,0.001358,0,0,0,0,0,0,0,100,0,0,0,0,0,0,0,0,0,0,0,0,0,0,0,0,0,0,0,0,0,0,0,0,0,0,0,0,0,0,0,0,0,0,0,0,0,0,16.055896,0,0,0,0,0,0,0,0,0,0,0,0,0,0,0,0,0,0,0,0,0,0,0,0,0,0,0,0,0,0,0,0,0,0,0,0,0,32.431284,0,0,0,0,0,0,0,0,0,0,0,0,0.002563,0,0,0,0,0,0,0,0,0,0,0,0,0,0,0,0,0,0,0,0,0,0,0,0,0.002021,0
116,0,0,0,0,0,0.004379,0,0,0,0,0,0,0,0,0,0,0,0.005132,0,0,0,0,0,0.003131,0,0,0,0,0,0,0,0,0,0,0,0,0,0,0.001315,0,0,0,0,0,0,0,0,0,0,0.004061,0,0,0,0,0,0,0,0,0,0,0,0,0,0,100,0,0,0,0,0,0,0,0,0,0,0,0,0,0,0,0,0.001196,0,0,0,0,0,0,0,0,0,0,0,0,0,0,0,0,0,0,0,0,0,16.055937,0,0,0,0,0,0,0,0,0,0,0,0,0,0,0,0,0,0,0,0,0,0,0,0,0,0,0,0,0,0,0,0,0,0,0,0,0,32.431906,0,0,0,0,0,0,0,0,0,0,0,0,0.00299,0,0,0,0,0,0,0,0,0,0,0,0,0,0,0,0,0,0,0,0,0.001483,0,0,0,0.002526,0
117,0,0,0,0,0,0,0.003028,0,0,0,0,0,0,0.001601,0,0,0,0.005132,0,0,0,0,0,0,0,0,0,0,0,0,0,0,0,0,0,0,0,0,0,0,0,0,0,0,0,0,0,0,0,0.003609,0,0.001684,0,0,0,0,0,0,0,0,0,0,0,0,100,0,0,0,0,0,0,0,0,0,0,0,0,0,0,0,0,0,0,0,0,0,0,0,0,0,0,0,0,0,0,0,0,0,0,0,0,0,0,16.055896,0,0,0,0,0,0,0,0,0,0,0,0,0,0,0,0,0,0,0,0,0,0,0,0,0,0,0,0,0,0,0,0,0,0,0,0,0,32.431284,0,0,0,0,0,0,0,0,0,0,0,0,0.002563,0,0,0,0,0,0,0,0,0,0,0,0,0,0,0,0,0,0,0,0,0,0,0,0,0.002021,0
118,0,0,0.007391,0,0,0,0,0,0,0,0,0,0,0,0,0.001415,0,0,0,0,0,0,0,0,0,0,0,0,0,0,0,0,0,0.009268,0,0,0.00278,0,0,0,0,0,0,0,0,0,0,0,0.001931,0,0,0,0,0,0,0,0,0,0,0,0,0,0,0,100,0,0,0,0,0,0,0,0,0,0,0,0,0,0,0,0,0,0,0,0,0,0,0,0,0,0,0,0.00113,0,0,0,0,0,0,0,0,0,0,16.055896,0,0,0,0,0,0,0,0,0,0,0,0,0.003258,0,0,0,0,0,0,0,0,0,0,0,0,0,0,0,0,0,0,0,0,0,0,0,0,32.431284,0,0,0,0,0,0,0,0,0,0,0,0,0,0,0,0,0,0,0,0,0.001356,0,0,0,0,0,0,0,0,0,0,0,0,0,0,0,0,0,0
119,0,0,0,0,0,0,0,0,0,0.002305,0,0,0,0,0,0.001415,0,0.005132,0,0,0,0,0,0,0,0,0,0,0,0,0,0,0,0,0,0,0.00278,0,0,0,0,0,0.001169,0,0,0,0,0,0,0.003609,0,0,0,0,0,0,0,0,0,0,0,0,0,0,100,0,0,0,0,0,0,0,0,0,0,0,0,0,0,0,0,0,0,0,0,0,0,0,0,0,0,0,0,0,0,0,0,0,0,0,0,0,0,16.055896,0,0,0,0,0,0,0,0,0,0,0,0,0,0,0,0,0,0,0,0,0,0,0,0,0,0,0,0,0,0,0,0,0,0,0,0,0,32.431284,0,0,0,0,0,0,0,0,0,0,0,0,0.002563,0,0,0,0,0,0,0,0,0,0,0,0,0,0,0,0,0,0,0,0,0,0,0,0,0.002021,0
120,0,0,0,0,0,0,0.003028,0,0,0,0,0,0,0,0,0,0,0,0.002369,0,0,0,0,0,0,0,0,0,0,0,0,0,0,0.009268,0,0,0,0,0,0,0.001241,0,0,0,0,0,0,0,0,0,0,0.001684,0,0,0,0,0,0,0,0,0,0,0.001085,0,100,0,0,0,0,0,0,0,0,0,0,0,0,0,0,0,0,0,0,0,0,0,0,0,0,0,0,0,0.00113,0,0,0,0,0,0,0,0,0,0,16.055896,0,0,0,0,0,0,0,0,0,0,0,0,0.003258,0,0,0,0,0,0,0,0,0,0,0,0,0,0,0,0,0,0,0,0,0,0,0,0,32.431284,0,0,0,0,0,0,0,0,0,0,0,0,0,0,0,0,0,0,0,0,0,0,0,0,0,0,0,0,0,0,0,0,0,0,0,0,0,0,0
121,0,0,0,0,0,0,0,0,0,0,0,0,0,0,0,0,0,0.006415,0,0,0,0,0,0.003131,0,0,0,0.001791,0,0,0,0,0,0,0,0,0,0,0,0,0,0,0,0,0,0,0,0,0,0.004512,0,0,0,0,0,0,0,0,0,0,0,0,0,0,100,0,0,0,0,0,0,0,0,0,0,0,0,0,0,0,0,0.001196,0,0,0,0,0,0,0,0,0,0,0,0,0,0,0,0,0,0,0,0,0,16.055937,0,0,0,0,0,0,0,0,0,0,0,0,0,0,0,0,0,0,0,0,0,0,0,0,0,0,0,0,0,0,0,0,0,0,0,0,0,32.431906,0,0,0,0,0,0,0,0,0,0,0,0,0.002777,0,0,0,0,0,0,0,0,0,0,0,0,0,0,0,0,0,0,0,0,0.001483,0,0,0,0.002273,0
122,0,0,0,0,0,0,0,0,0,0,0,0.001875,0,0,0,0,0,0,0,0,0,0,0,0.003131,0,0,0,0,0,0,0,0,0,0.011585,0,0,0,0,0,0,0,0,0,0,0,0,0,0,0,0,0,0,0,0,0,0,0,0,0,0,0,0,0,0,100,0,0,0,0,0,0,0,0,0,0,0,0,0,0,0,0,0,0,0,0,0,0,0,0,0,0,0,0.001342,0,0,0,0,0,0,0,0,0,0,16.055937,0,0,0,0,0,0,0,0,0,0,0,0,0.003665,0,0,0,0,0,0,0,0,0,0,0,0,0,0,0,0,0,0,0,0,0,0,0,0,32.431906,0,0,0,0,0,0,0,0,0,0,0,0,0,0,0,0,0,0,0,0,0,0,0,0,0,0,0,0,0,0,0,0,0,0.001483,0,0,0,0,0
123,0,0,0,0,0,0,0,0,0,0,0,0,0,0,0,0.001415,0,0.005132,0,0,0.002214,0,0,0,0,0,0,0,0,0,0,0.001624,0,0,0,0,0.00278,0,0,0,0,0,0,0,0,0,0,0,0,0.003609,0,0,0,0,0,0,0,0,0,0,0,0,0,0,100,0,0,0,0,0,0,0,0,0,0,0,0,0,0,0,0,0,0,0,0,0,0,0,0,0,0,0,0,0,0,0,0,0,0,0,0,0,0,16.055896,0,0,0,0,0,0,0,0,0,0,0,0,0,0,0,0,0,0,0,0,0,0,0,0,0,0,0,0,0,0,0,0,0,0,0,0,0,32.431284,0,0,0,0,0,0,0,0,0,0,0,0,0.002563,0,0,0,0,0,0,0,0,0,0,0,0,0,0,0,0,0,0,0,0,0,0,0,0,0.002021,0
124,0,0,0,0,0,0,0.003028,0,0,0,0,0,0,0,0,0,0,0.005132,0,0,0,0,0,0,0.001978,0,0,0,0,0,0,0,0,0,0,0.001467,0,0,0,0,0,0,0,0,0,0,0.001031,0,0,0.003609,0,0.001684,0,0,0,0,0,0,0,0,0,0,0,0,100,0,0,0,0,0,0,0,0,0,0,0,0,0,0,0,0,0,0,0,0,0,0,0,0,0,0,0,0,0,0,0,0,0,0,0,0,0,0,16.055896,0,0,0,0,0,0,0,0,0,0,0,0,0,0,0,0,0,0,0,0,0,0,0,0,0,0,0,0,0,0,0,0,0,0,0,0,0,32.431284,0,0,0,0,0,0,0,0,0,0,0,0,0.002563,0,0,0,0,0,0,0,0,0,0,0,0,0,0,0,0,0,0,0,0,0,0,0,0,0.002021,0
125,0.017442,0,0,0,0,0,0.00305,0,0,0,0,0,0,0,0,0,0,0.001293,0,0,0,0,0,0,0,0,0,0,0,0,0,0,0,0,0,0,0,0,0,0,0,0,0,0,0,0,0,0,0,0,0,0.001697,0,0,0,0,0.001368,0,0,0,0,0,0,0,100,0,0,0,0,0,0,0,0,0,0,0,0,0,0,0,0,0,0,0,0,0,0,0,0,0,0,0,0,0,0,0,0,0,0,0,0,0,0,16.076759,0,0,0,0,0,0,0,0,0,0,0,0,0,0,0,0,0,0,0,0,0,0,0,0,0,0,0,0,0,0,0,0,0,0,0,0,0,32.290266,0,0,0,0,0,0,0,0,0,0,0,0,0,0,0,0,0,0,0,0,0,0,0,0,0,0,0,0,0,0,0,0,0,0,0,0,0,0,0
126,0,0,0,0,0,0.004412,0,0,0,0,0,0,0,0,0,0,0,0.001293,0,0,0,0,0,0.003154,0,0,0,0,0,0,0,0,0,0,0,0,0,0,0.001325,0,0,0,0,0,0,0,0,0,0,0.001364,0,0,0,0,0,0,0,0,0,0,0,0,0,0,100,0,0,0,0,0,0,0,0,0,0,0,0,0,0,0,0,0,0,0,0,0,0,0,0,0,0,0,0,0,0,0,0,0,0,0,0,0,0,16.0768,0,0,0,0,0,0,0,0,0,0,0,0,0,0,0,0,0,0,0,0,0,0,0,0,0,0,0,0,0,0,0,0,0,0,0,0,0,32.290893,0,0,0,0,0,0,0,0,0,0,0,0,0.001076,0,0,0,0,0,0,0,0,0,0,0,0,0,0,0,0,0,0,0,0,0.001495,0,0,0,0.001018,0
127,0,0,0,0,0,0,0.00305,0,0,0,0,0,0,0.001613,0,0,0,0.001293,0,0,0,0,0,0,0,0,0,0,0,0,0,0,0,0,0,0,0,0,0,0,0,0,0,0,0,0,0,0,0,0,0,0.001697,0,0,0,0,0,0,0,0,0,0,0,0,100,0,0,0,0,0,0,0,0,0,0,0,0,0,0,0,0,0,0,0,0,0,0,0,0,0,0,0,0,0,0,0,0,0,0,0,0,0,0,16.076759,0,0,0,0,0,0,0,0,0,0,0,0,0,0,0,0,0,0,0,0,0,0,0,0,0,0,0,0,0,0,0,0,0,0,0,0,0,32.290266,0,0,0,0,0,0,0,0,0,0,0,0,0,0,0,0,0,0,0,0,0,0,0,0,0,0,0,0,0,0,0,0,0,0,0,0,0,0,0
128,0,0,0.007446,0,0,0,0,0,0,0,0,0,0,0,0,0.001426,0,0,0,0,0,0,0,0,0,0,0,0,0,0,0,0,0,0.002334,0,0,0.002801,0,0,0,0,0,0,0,0,0,0,0,0.001945,0,0,0,0,0,0,0,0,0,0,0,0,0,0,0,100,0,0,0,0,0,0,0,0,0,0,0,0,0,0,0,0,0,0,0,0,0,0,0,0,0,0,0,0,0,0,0,0,0,0,0,0,0,0,16.076759,0,0,0,0,0,0,0,0,0,0,0,0,0,0,0,0,0,0,0,0,0,0,0,0,0,0,0,0,0,0,0,0,0,0,0,0,0,32.290266,0,0,0,0,0,0,0,0,0,0,0,0,0,0,0,0,0,0,0,0,0.001367,0,0,0,0,0,0,0,0,0,0,0,0,0,0,0,0,0,0
129,0,0,0,0,0,0,0,0,0,0.002322,0,0,0,0,0,0.001426,0,0.001293,0,0,0,0,0,0,0,0,0,0,0,0,0,0,0,0,0,0,0.002801,0,0,0,0,0,0.001178,0,0,0,0,0,0,0,0,0,0,0,0,0,0,0,0,0,0,0,0,0,100,0,0,0,0,0,0,0,0,0,0,0,0,0,0,0,0,0,0,0,0,0,0,0,0,0,0,0,0,0,0,0,0,0,0,0,0,0,0,16.076759,0,0,0,0,0,0,0,0,0,0,0,0,0,0,0,0,0,0,0,0,0,0,0,0,0,0,0,0,0,0,0,0,0,0,0,0,0,32.290266,0,0,0,0,0,0,0,0,0,0,0,0,0,0,0,0,0,0,0,0,0,0,0,0,0,0,0,0,0,0,0,0,0,0,0,0,0,0,0
130,0,0,0,0,0,0,0.00305,0,0,0,0,0,0,0,0,0,0,0,0.002386,0,0,0,0,0,0,0,0,0,0,0,0,0,0,0.002334,0,0,0,0,0,0,0.00125,0,0,0,0,0,0,0,0,0,0,0.001697,0,0,0,0,0,0,0,0,0,0,0.001093,0,100,0,0,0,0,0,0,0,0,0,0,0,0,0,0,0,0,0,0,0,0,0,0,0,0,0,0,0,0,0,0,0,0,0,0,0,0,0,0,16.076759,0,0,0,0,0,0,0,0,0,0,0,0,0,0,0,0,0,0,0,0,0,0,0,0,0,0,0,0,0,0,0,0,0,0,0,0,0,32.290266,0,0,0,0,0,0,0,0,0,0,0,0,0,0,0,0,0,0,0,0,0,0,0,0,0,0,0,0,0,0,0,0,0,0,0,0,0,0,0
131,0,0,0,0,0,0,0,0,0,0,0,0,0,0,0,0,0,0.002585,0,0,0,0,0,0.003154,0,0,0,0.001805,0,0,0,0,0,0,0,0,0,0,0,0,0,0,0,0,0,0,0,0,0,0.001818,0,0,0,0,0,0,0,0,0,0,0,0,0,0,100,0,0,0,0,0,0,0,0,0,0,0,0,0,0,0,0,0,0,0,0,0,0,0,0,0,0,0,0,0,0,0,0,0,0,0,0,0,0,16.0768,0,0,0,0,0,0,0,0,0,0,0,0,0,0,0,0,0,0,0,0,0,0,0,0,0,0,0,0,0,0,0,0,0,0,0,0,0,32.290893,0,0,0,0,0,0,0,0,0,0,0,0,0,0,0,0,0,0,0,0,0,0,0,0,0,0,0,0,0,0,0,0,0,0.001495,0,0,0,0,0
132,0,0,0,0,0,0,0,0,0,0,0,0.001889,0,0,0,0,0,0,0,0,0,0,0,0.003154,0,0,0,0,0,0,0,0,0,0.004669,0,0,0,0,0,0,0,0,0,0,0,0,0,0,0,0,0,0,0,0,0,0,0,0,0,0,0,0,0,0,100,0,0,0,0,0,0,0,0,0,0,0,0,0,0,0,0,0,0,0,0,0,0,0,0,0,0,0,0,0,0,0,0,0,0,0,0,0,0,16.0768,0,0,0,0,0,0,0,0,0,0,0,0,0.001231,0,0,0,0,0,0,0,0,0,0,0,0,0,0,0,0,0,0,0,0,0,0,0,0,32.290893,0,0,0,0,0,0,0,0,0,0,0,0,0,0,0,0,0,0,0,0,0,0,0,0,0,0,0,0,0,0,0,0,0,0.001495,0,0,0,0,0
133,0,0,0,0,0,0,0,0,0,0,0,0,0,0,0,0.001426,0,0.001293,0,0,0.002231,0,0,0,0,0,0,0,0,0,0,0.001637,0,0,0,0,0.002801,0,0,0,0,0,0,0,0,0,0,0,0,0,0,0,0,0,0,0,0,0,0,0,0,0,0,0,100,0,0,0,0,0,0,0,0,0,0,0,0,0,0,0,0,0,0,0,0,0,0,0,0,0,0,0,0,0,0,0,0,0,0,0,0,0,0,16.076759,0,0,0,0,0,0,0,0,0,0,0,0,0,0,0,0,0,0,0,0,0,0,0,0,0,0,0,0,0,0,0,0,0,0,0,0,0,32.290266,0,0,0,0,0,0,0,0,0,0,0,0,0,0,0,0,0,0,0,0,0,0,0,0,0,0,0,0,0,0,0,0,0,0,0,0,0,0,0
134,0,0,0,0,0,0,0.00305,0,0,0,0,0,0,0,0,0,0,0.001293,0,0,0,0,0,0,0.001993,0,0,0,0,0,0,0,0,0,0,0.001478,0,0,0,0,0,0,0,0,0,0,0.001039,0,0,0,0,0.001697,0,0,0,0,0,0,0,0,0,0,0,0,100,0,0,0,0,0,0,0,0,0,0,0,0,0,0,0,0,0,0,0,0,0,0,0,0,0,0,0,0,0,0,0,0,0,0,0,0,0,0,16.076759,0,0,0,0,0,0,0,0,0,0,0,0,0,0,0,0,0,0,0,0,0,0,0,0,0,0,0,0,0,0,0,0,0,0,0,0,0,32.290266,0,0,0,0,0,0,0,0,0,0,0,0,0,0,0,0,0,0,0,0,0,0,0,0,0,0,0,0,0,0,0,0,0,0,0,0,0,0,0
